,,,,,,,,,,Fitness,Fitness,Fitness,Predicted,Predicted,Predicted,,,,,,,
Day,Date,DoW,Dist,Time,Pace,Speed,HR,Elevation gain,Avg gradient,Indoor,Outdoor,Corrected,Hastings,Oslo,Holmestrand,Route,Notes,Actual km,Month,Week time,Actual pace,Index
1,19-Mar-2012,Monday,,,,,,,,,,,,,,,,,,,,1.000
2,20-Mar-2012,Tuesday,11,1:24:53,0:07:43,7.78,,,,,,,,,,,,,,,,1.001
3,21-Mar-2012,Wednesday,,,,,,,,,,,,,,,,,,,,1.001
4,22-Mar-2012,Thursday,,,,,,,,,,,,,,,,,,,,1.002
5,23-Mar-2012,Friday,,,,,,,,,,,,,,,,,,,,1.002
6,24-Mar-2012,Saturday,6.55,0:54:54,0:08:22,7.16,,,,,,,,,,,,,,,,1.003
7,25-Mar-2012,Sunday,,,,,,,,,,,,,,,,17.55,,2:19:47,7.97,1.003
8,26-Mar-2012,Monday,,,,,,,,,,,,,,,,,,,,1.004
9,27-Mar-2012,Tuesday,4.8,0:30:00,0:06:15,9.60,,,,,,,,,,,,,,,,1.004
10,28-Mar-2012,Wednesday,,,,,,,,,,,,,,,,,,,,1.005
11,29-Mar-2012,Thursday,,,,,,,,,,,,,,,,,,,,1.005
12,30-Mar-2012,Friday,,,,,,,,,,,,,,,,,,,,1.006
13,31-Mar-2012,Saturday,,,,,,,,,,,,,,,,,22.35,,,1.006
14,1-Apr-2012,Sunday,,,,,,,,,,,,,,,,4.8,,0:30:00,6.25,1.007
15,2-Apr-2012,Monday,,,,,,,,,,,,,,,,,,,,1.007
16,3-Apr-2012,Tuesday,,,,,,,,,,,,,,,,,,,,1.008
17,4-Apr-2012,Wednesday,,,,,,,,,,,,,,,,,,,,1.008
18,5-Apr-2012,Thursday,,,,,,,,,,,,,,,,,,,,1.009
19,6-Apr-2012,Friday,,,,,,,,,,,,,,,,,,,,1.009
20,7-Apr-2012,Saturday,,,,,,,,,,,,,,,,,,,,1.010
21,8-Apr-2012,Sunday,,,,,,,,,,,,,,,,0,,0,#DIV/0!,1.010
22,9-Apr-2012,Monday,,,,,,,,,,,,,,,,,,,,1.011
23,10-Apr-2012,Tuesday,,,,,,,,,,,,,,,,,,,,1.011
24,11-Apr-2012,Wednesday,,,,,,,,,,,,,,,,,,,,1.012
25,12-Apr-2012,Thursday,,,,,,,,,,,,,,,,,,,,1.012
26,13-Apr-2012,Friday,,,,,,,,,,,,,,,,,,,,1.013
27,14-Apr-2012,Saturday,,,,,,,,,,,,,,,,,,,,1.013
28,15-Apr-2012,Sunday,,,,,,,,,,,,,,,,0,,0,#DIV/0!,1.014
29,16-Apr-2012,Monday,,,,,,,,,,,,,,,,,,,,1.014
30,17-Apr-2012,Tuesday,,,,,,,,,,,,,,,,,,,,1.015
31,18-Apr-2012,Wednesday,,,,,,,,,,,,,,,,,,,,1.015
32,19-Apr-2012,Thursday,,,,,,,,,,,,,,,,,,,,1.016
33,20-Apr-2012,Friday,,,,,,,,,,,,,,,,,,,,1.016
34,21-Apr-2012,Saturday,,,,,,,,,,,,,,,,,,,,1.017
35,22-Apr-2012,Sunday,,,,,,,,,,,,,,,,0,,0,#DIV/0!,1.017
36,23-Apr-2012,Monday,,,,,,,,,,,,,,,,,,,,1.018
37,24-Apr-2012,Tuesday,,,,,,,,,,,,,,,,,,,,1.018
38,25-Apr-2012,Wednesday,,,,,,,,,,,,,,,,,,,,1.019
39,26-Apr-2012,Thursday,,,,,,,,,,,,,,,,,,,,1.019
40,27-Apr-2012,Friday,,,,,,,,,,,,,,,,,,,,1.020
41,28-Apr-2012,Saturday,,,,,,,,,,,,,,,,,,,,1.020
42,29-Apr-2012,Sunday,3.53,0:22:21,0:06:19,9.48,,,,,,,,,,,,3.53,,0:22:21,6.33,1.021
43,30-Apr-2012,Monday,3.34,0:18:32,0:05:32,10.81,,,,,,,,,,,,,6.87,,,1.021
44,1-May-2012,Tuesday,5.34,0:32:29,0:06:04,9.86,,,,,,,,,,,,,,,,1.022
45,2-May-2012,Wednesday,,,,,,,,,,,,,,,,,,,,1.022
46,3-May-2012,Thursday,,,,,,,,,,,,,,,,,,,,1.023
47,4-May-2012,Friday,2.02,0:10:38,0:05:15,11.40,,,,,,,,,,,,,,,,1.023
48,5-May-2012,Saturday,10.24,0:59:54,0:05:50,10.26,,,,,,,,,,,,,,,,1.024
49,6-May-2012,Sunday,,,,,,,,,,,,,,,,20.94,,2:01:33,5.80,1.024
50,7-May-2012,Monday,,,,,,,,,,,,,,,,,,,,1.025
51,8-May-2012,Tuesday,3.46,0:23:59,0:06:55,8.66,,,,,,,,,,,,,,,,1.025
52,9-May-2012,Wednesday,,,,,,,,,,,,,,,,,,,,1.026
53,10-May-2012,Thursday,,,,,,,,,,,,,,,,,,,,1.026
54,11-May-2012,Friday,,,,,,,,,,,,,,,,,,,,1.027
55,12-May-2012,Saturday,1.75,0:08:25,0:04:48,12.48,,,,,,,,,,,,,,,,1.027
56,13-May-2012,Sunday,10.56,1:13:34,0:06:57,8.61,,,,,,,,,,,,15.77,,1:45:58,6.72,1.028
57,14-May-2012,Monday,,,,,,,,,,,,,,,,,,,,1.028
58,15-May-2012,Tuesday,6.09,0:46:23,0:07:36,7.88,,,,,,,,,,,,,,,,1.029
59,16-May-2012,Wednesday,,,,,,,,,,,,,,,,,,,,1.029
60,17-May-2012,Thursday,,,,,,,,,,,,,,,,,,,,1.030
61,18-May-2012,Friday,5.42,0:29:26,0:05:25,11.05,,,,,,,,,,,,,,,,1.030
62,19-May-2012,Saturday,,,,,,,,,,,,,,,,,,,,1.031
63,20-May-2012,Sunday,13.54,1:23:16,0:06:08,9.76,,,,,,,,,,,,25.05,,2:39:05,6.35,1.031
64,21-May-2012,Monday,,,,,,,,,,,,,,,,,,,,1.032
65,22-May-2012,Tuesday,8.13,0:59:37,0:07:19,8.18,,,,,,,,,,,,,,,,1.033
66,23-May-2012,Wednesday,,,,,,,,,,,,,,,,,,,,1.033
67,24-May-2012,Thursday,5.03,0:28:10,0:05:35,10.71,,,,,,,,,,,,,,,,1.034
68,25-May-2012,Friday,,,,,,,,,,,,,,,,,,,,1.034
69,26-May-2012,Saturday,12.07,1:21:28,0:06:44,8.89,,,,,,,,,,,,,,,,1.035
70,27-May-2012,Sunday,,,,,,,,,,,,,,,,25.23,,2:49:15,6.70,1.035
71,28-May-2012,Monday,,,,,,,,,,,,,,,,,,,,1.036
72,29-May-2012,Tuesday,10,0:56:54,0:05:41,10.54,,,,,,,,,,,,,,,,1.036
73,30-May-2012,Wednesday,,,,,,,,,,,,,,,,,,,,1.037
74,31-May-2012,Thursday,8,0:53:04,0:06:38,9.05,,,,,,,,,,,,,101.65,,,1.037
75,1-Jun-2012,Friday,,,,,,,,,,,,,,,,,,,,1.038
76,2-Jun-2012,Saturday,12,1:08:10,0:05:40,10.56,,,,,,,,,,,,,,,,1.038
77,3-Jun-2012,Sunday,6.3,0:42:00,0:06:40,9.00,,,,,,,,,,,,36.3,,3:40:08,6.07,1.039
78,4-Jun-2012,Monday,,,,,,,,,,,,,,,,,,,,1.039
79,5-Jun-2012,Tuesday,10.2,1:10:43,0:06:55,8.65,,,,,,,,,,,,,,,,1.040
80,6-Jun-2012,Wednesday,,,,,,,,,,,,,,,,,,,,1.040
81,7-Jun-2012,Thursday,10,1:01:12,0:06:07,9.80,,,,,,,,,,,,,,,,1.041
82,8-Jun-2012,Friday,,,,,,,,,,,,,,,,,,,,1.041
83,9-Jun-2012,Saturday,15.86,1:38:19,0:06:11,9.68,,,,,,,,,,,,,,,,1.042
84,10-Jun-2012,Sunday,7,0:44:20,0:06:20,9.47,,,,,,,,,,,,43.06,,4:34:34,6.38,1.042
85,11-Jun-2012,Monday,,,,,,,,,,,,,,,,,,,,1.043
86,12-Jun-2012,Tuesday,,,,,,,,,,,,,,,,,,,,1.043
87,13-Jun-2012,Wednesday,7.7,0:46:58,0:06:05,9.84,,,,,,,,,,,,,,,,1.044
88,14-Jun-2012,Thursday,11.5,1:05:27,0:05:41,10.54,,,,,,,,,,,,,,,,1.044
89,15-Jun-2012,Friday,,,,,,,,,,,,,,,,,,,,1.045
90,16-Jun-2012,Saturday,16.5,1:44:30,0:06:20,9.47,,,,,,,,,,,,,,,,1.045
91,17-Jun-2012,Sunday,9.07,0:57:26,0:06:19,9.48,,,,,,,,,,,,44.77,,4:34:21,6.13,1.046
92,18-Jun-2012,Monday,,,,,,,,,,,,,,,,,,,,1.047
93,19-Jun-2012,Tuesday,8.87,0:55:43,0:06:16,9.55,,,,,,,,,,,,,,,,1.047
94,20-Jun-2012,Wednesday,,,,,,,,,,,,,,,,,,,,1.048
95,21-Jun-2012,Thursday,9.8,0:57:03,0:05:49,10.31,,,,,,,,,,,,,,,,1.048
96,22-Jun-2012,Friday,,,,,,,,,,,,,,,,,,,,1.049
97,23-Jun-2012,Saturday,18.02,1:50:49,0:06:08,9.76,,,,,,,,,,,,,,,,1.049
98,24-Jun-2012,Sunday,,,,,,,,,,,,,,,,36.69,,3:43:35,6.10,1.050
99,25-Jun-2012,Monday,5.25,0:30:16,0:05:45,10.41,,,,,,,,,,,,,,,,1.050
100,26-Jun-2012,Tuesday,,,,,,,,,,,,,,,,,,,,1.051
101,27-Jun-2012,Wednesday,10.5,0:58:51,0:05:36,10.71,,,,,,,,,,,,,,,,1.051
102,28-Jun-2012,Thursday,,,,,,,,,,,,,,,,,,,,1.052
103,29-Jun-2012,Friday,,,,,,,,,,,,,,,,,,,,1.052
104,30-Jun-2012,Saturday,21.1,1:59:34,0:05:40,10.59,,,,,,,,,,,,,179.67,,,1.053
105,1-Jul-2012,Sunday,,,,,,,,,,,,,,,,36.85,,3:28:41,5.67,1.053
106,2-Jul-2012,Monday,,,,,,,,,,,,,,,,,,,,1.054
107,3-Jul-2012,Tuesday,,,,,,,,,,,,,,,,,,,,1.054
108,4-Jul-2012,Wednesday,,,,,,,,,,,,,,,,,,,,1.055
109,5-Jul-2012,Thursday,,,,,,,,,,,,,,,,,,,,1.055
110,6-Jul-2012,Friday,,,,,,,,,,,,,,,,,,,,1.056
111,7-Jul-2012,Saturday,,,,,,,,,,,,,,,,,,,,1.057
112,8-Jul-2012,Sunday,,,,,,,,,,,,,,,,0,,0,#DIV/0!,1.057
113,9-Jul-2012,Monday,6.26,0:43:17,0:06:54,8.68,,,,,,,,,,,,,,,,1.058
114,10-Jul-2012,Tuesday,,,,,,,,,,,,,,,,,,,,1.058
115,11-Jul-2012,Wednesday,15,1:24:20,0:05:37,10.67,,,,,,,,,,,,,,,,1.059
116,12-Jul-2012,Thursday,,,,,,,,,,,,,,,,,,,,1.059
117,13-Jul-2012,Friday,,,,,,,,,,,,,,,,,,,,1.060
118,14-Jul-2012,Saturday,21.1,1:59:34,0:05:40,10.59,,,,,,,,,,,,,,,,1.060
119,15-Jul-2012,Sunday,,,,,,,,,,,,,,,,42.36,,4:07:11,5.83,1.061
120,16-Jul-2012,Monday,10,0:53:20,0:05:20,11.25,,,,,,,,,,,,,,,,1.061
121,17-Jul-2012,Tuesday,,,,,,,,,,,,,,,,,,,,1.062
122,18-Jul-2012,Wednesday,,,,,,,,,,,,,,,,,,,,1.062
123,19-Jul-2012,Thursday,,,,,,,,,,,,,,,,,,,,1.063
124,20-Jul-2012,Friday,,,,,,,,,,,,,,,,,,,,1.063
125,21-Jul-2012,Saturday,,,,,,,,,,,,,,,,,,,,1.064
126,22-Jul-2012,Sunday,5.69,0:35:45,0:06:16,9.55,,,,,,,,,,,,15.69,,1:29:05,5.68,1.064
127,23-Jul-2012,Monday,,,,,,,,,,,,,,,,,,,,1.065
128,24-Jul-2012,Tuesday,9.7,0:58:12,0:06:00,10.00,,,,,,,,,,,,,,,,1.066
129,25-Jul-2012,Wednesday,,,,,,,,,,,,,,,,,,,,1.066
130,26-Jul-2012,Thursday,,,,,,,,,,,,,,,,,,,,1.067
131,27-Jul-2012,Friday,9.5,0:56:41,0:05:58,10.06,,,,,,,,,,,,,,,,1.067
132,28-Jul-2012,Saturday,,,,,,,,,,,,,,,,,,,,1.068
133,29-Jul-2012,Sunday,22.6,2:13:43,0:05:55,10.14,,,,,,,,,,,,41.8,,4:08:36,5.95,1.068
134,30-Jul-2012,Monday,,,,,,,,,,,,,,,,,,,,1.069
135,31-Jul-2012,Tuesday,9.9,0:59:04,0:05:57,10.06,,,,,,,,,,,,,109.75,,,1.069
136,1-Aug-2012,Wednesday,,,,,,,,,,,,,,,,,,,,1.070
137,2-Aug-2012,Thursday,,,,,,,,,,,,,,,,,,,,1.070
138,3-Aug-2012,Friday,9.85,0:56:38,0:05:44,10.44,,,,,,,,,,,,,,,,1.071
139,4-Aug-2012,Saturday,23.6,2:19:38,0:05:55,10.14,,,,,,,,,,,,,,,,1.071
140,5-Aug-2012,Sunday,,,,,,,,,,,,,,,,43.35,,4:15:20,5.88,1.072
141,6-Aug-2012,Monday,4.75,0:25:24,0:05:20,11.22,,,,,,,,,,,,,,,,1.072
142,7-Aug-2012,Tuesday,,,,,,,,,,,,,,,,,,,,1.073
143,8-Aug-2012,Wednesday,,,,,,,,,,,,,,,,,,,,1.074
144,9-Aug-2012,Thursday,,,,,,,,,,,,,,,,,,,,1.074
145,10-Aug-2012,Friday,11.38,1:00:07,0:05:16,11.36,,,,,,,,,,,,,,,,1.075
146,11-Aug-2012,Saturday,,,,,,,,,,,,,,,,,,,,1.075
147,12-Aug-2012,Sunday,15.79,1:29:28,0:05:39,10.59,,,,,,,,,,,,31.92,,2:54:59,5.48,1.076
148,13-Aug-2012,Monday,,,,,,,,,,,,,,,,,,,,1.076
149,14-Aug-2012,Tuesday,8,0:48:56,0:06:07,9.81,,,,,,,,,,,,,,,,1.077
150,15-Aug-2012,Wednesday,,,,,,,,,,,,,,,,,,,,1.077
151,16-Aug-2012,Thursday,9.07,0:53:12,0:05:51,10.23,,,,,,,,,,,,,,,,1.078
152,17-Aug-2012,Friday,,,,,,,,,,,,,,,,,,,,1.078
153,18-Aug-2012,Saturday,,,,,,,,,,,,,,,,,,,,1.079
154,19-Aug-2012,Sunday,21.1,1:57:39,0:05:34,10.76,,,,,,,,,,,,38.17,,3:39:47,5.75,1.079
155,20-Aug-2012,Monday,,,,,,,,,,,,,,,,,,,,1.080
156,21-Aug-2012,Tuesday,,,,,,,,,,,,,,,,,,,,1.081
157,22-Aug-2012,Wednesday,10.2,0:57:48,0:05:40,10.59,,,,,,,,,,,,,,,,1.081
158,23-Aug-2012,Thursday,9.4,0:51:46,0:05:30,10.90,,,,,,,,,,,,,,,,1.082
159,24-Aug-2012,Friday,,,,,,,,,,,,,,,,,,,,1.082
160,25-Aug-2012,Saturday,26.2,2:51:36,0:06:32,9.16,,,,,,,,,,,,,,,,1.083
161,26-Aug-2012,Sunday,,,,,,,,,,,,,,,,45.8,,4:41:10,6.13,1.083
162,27-Aug-2012,Monday,7.5,0:43:07,0:05:44,10.44,,,,,,,,,,,,,,,,1.084
163,28-Aug-2012,Tuesday,,,,,,,,,,,,,,,,,,,,1.084
164,29-Aug-2012,Wednesday,,,,,,,,,,,,,,,,,,,,1.085
165,30-Aug-2012,Thursday,11,0:56:50,0:05:10,11.61,,,,,,,,,,,,,,,,1.085
166,31-Aug-2012,Friday,,,,,,,,,,,,,,,,,167.84,,,1.086
167,1-Sep-2012,Saturday,26.3,2:39:59,0:06:04,9.86,,,,,,,,,,,,,,,,1.087
168,2-Sep-2012,Sunday,,,,,,,,,,,,,,,,44.8,,4:19:56,5.80,1.087
169,3-Sep-2012,Monday,,,,,,,,,,,,,,,,,,,,1.088
170,4-Sep-2012,Tuesday,10,0:52:00,0:05:12,11.54,,,,,,,,,,,,,,,,1.088
171,5-Sep-2012,Wednesday,,,,,,,,,,,,,,,,,,,,1.089
172,6-Sep-2012,Thursday,13.2,1:17:13,0:05:50,10.26,,,,,,,,,,,,,,,,1.089
173,7-Sep-2012,Friday,,,,,,,,,,,,,,,,,,,,1.090
174,8-Sep-2012,Saturday,,,,,,,,,,,,,,,,,,,,1.090
175,9-Sep-2012,Sunday,21.1,1:44:26,0:04:56,12.12,,,,,,,,,,,,44.3,,3:53:39,5.27,1.091
176,10-Sep-2012,Monday,,,,,,,,,,,,,,,,,,,,1.091
177,11-Sep-2012,Tuesday,,,,,,,,,,,,,,,,,,,,1.092
178,12-Sep-2012,Wednesday,,,,,,,,,,,,,,,,,,,,1.093
179,13-Sep-2012,Thursday,10,0:51:40,0:05:10,11.61,,,,,,,,,,,,,,,,1.093
180,14-Sep-2012,Friday,,,,,,,,,,,,,,,,,,,,1.094
181,15-Sep-2012,Saturday,16,1:28:32,0:05:32,10.84,,,,,,,,,,,,,,,,1.094
182,16-Sep-2012,Sunday,,,,,,,,,,,,,,,,26,,2:20:12,5.40,1.095
183,17-Sep-2012,Monday,,,,,,,,,,,,,,,,,,,,1.095
184,18-Sep-2012,Tuesday,8,0:44:08,0:05:31,10.88,,,,,,,,,,,,,,,,1.096
185,19-Sep-2012,Wednesday,,,,,,,,,,,,,,,,,,,,1.096
186,20-Sep-2012,Thursday,,,,,,,,,,,,,,,,,,,,1.097
187,21-Sep-2012,Friday,,,,,,,,,,,,,,,,,,,,1.097
188,22-Sep-2012,Saturday,21.24,1:45:50,0:04:58,12.04,,,,,,,,,,,,,,,,1.098
189,23-Sep-2012,Sunday,,,,,,,,,,,,,,,,29.24,,2:29:58,5.13,1.099
190,24-Sep-2012,Monday,,,,,,,,,,,,,,,,,,,,1.099
191,25-Sep-2012,Tuesday,,,,,,,,,,,,,,,,,,,,1.100
192,26-Sep-2012,Wednesday,,,,,,,,,,,,,,,,,,,,1.100
193,27-Sep-2012,Thursday,5.8,0:32:30,0:05:36,10.71,,,,,,,,,,Up Kirkeveien and around back streets,Just recovered from HM DOMS.  Still have cold,,,,,1.101
194,28-Sep-2012,Friday,,,,,,,,,,,,,,,,,,,,1.101
195,29-Sep-2012,Saturday,8.8,0:47:31,0:05:23,11.11,,,,,,,,,,Up Kirkeveien and around back streets,Still feeling weak from HM and cold.,,,,,1.102
196,30-Sep-2012,Sunday,13,1:09:09,0:05:19,11.28,,,,,,,,,,To Heggedal and back,"Took it pretty easy, felt OK.",27.6,153.44,2:29:10,5.40,1.102
197,1-Oct-2012,Monday,,,,,,,,,,,,,,,,,,,,1.103
198,2-Oct-2012,Tuesday,10.6,0:58:00,0:05:28,10.97,,,,,,,,,,Up Kirkevein via back streets to Torstadskogen,Felt pretty easy,,,,,1.103
199,3-Oct-2012,Wednesday,,,,,,,,,,,,,,,In UK,,,,,1.104
200,4-Oct-2012,Thursday,,,,,,,,,,,,,,,In UK,,,,,1.105
201,5-Oct-2012,Friday,,,,,,,,,,,,,,,In UK,,,,,1.105
202,6-Oct-2012,Saturday,,,,,,,,,,,,,,,"Sore throat, feeling crap",,,,,1.106
203,7-Oct-2012,Sunday,,,,,,,,,,,,,,,"Sore throat, feeling crap",10.6,,0:58:00,5.47,1.106
204,8-Oct-2012,Monday,,,,,,,,,,,,,,,"Headache all day, felt awful",,,,,1.107
205,9-Oct-2012,Tuesday,11,0:58:34,0:05:19,11.27,,,,,,,,,,Towards Heggedal,"Feel much better, run felt OK",,,,,1.107
206,10-Oct-2012,Wednesday,7.5,0:44:28,0:05:55,10.12,,,,,,,,,,Up Kirkeveien past Asker Museum,"Nice and easy, except for the killer hill",,,,,1.108
207,11-Oct-2012,Thursday,,,,,,,,,,,,,,,Mommo's funeral,,,,,1.108
208,12-Oct-2012,Friday,8.6,0:45:20,0:05:16,11.38,,,,,,,,,,"Semsveien, Semsvann (past bridge), Kirkeveien",Easy 15 minutes then pushed harder,,,,,1.109
209,13-Oct-2012,Saturday,,,,,,,,,,,,,,,"24x7, did 3x20 push ups",,,,,1.110
210,14-Oct-2012,Sunday,,,,,,,,,,,,,,,"Cold, rain. 50 laps of the pool and cycled there and back.",27.1,,2:28:22,5.47,1.110
211,15-Oct-2012,Monday,,,,,,,,,,,,,,,,,,,,1.111
212,16-Oct-2012,Tuesday,8.2,0:44:30,0:05:25,11.06,,,,,,,,,,"2 loops, up Kirkeveien and down to Bleiker",First 30 mins easy then pushed a bit harder,,,,,1.111
213,17-Oct-2012,Wednesday,11,1:02:11,0:05:39,10.61,,,,,,,,,,Torstadskogen,Easy,,,,,1.112
214,18-Oct-2012,Thursday,8.6,0:46:41,0:05:25,11.05,,,,,,,,,,"2 loops, Risenga, Asker Museum",Pretty easy,,,,,1.112
215,19-Oct-2012,Friday,,,,,,,,,,,,,,,,,,,,1.113
216,20-Oct-2012,Saturday,,,,,,,,,,,,,,,Rained all day; gym not open yet,,,,,1.113
217,21-Oct-2012,Sunday,16.4,1:27:00,0:05:18,11.31,165,151,0.92%,,12.64,13.33,1:40:37,1:35:30,3:32:21,Heggedal,"Comfortable pace, even effort",44.2,,4:00:22,5.43,1.114
218,22-Oct-2012,Monday,,,,,,,,,,,,,,,,,,,,1.115
219,23-Oct-2012,Tuesday,,,,,,,,,,,,,,,Too busy before trip to UK,,,,,1.115
220,24-Oct-2012,Wednesday,,,,,,,,,,,,,,,In UK,,,,,1.116
221,25-Oct-2012,Thursday,,,,,,,,,,,,,,,,,,,,1.116
222,26-Oct-2012,Friday,,,,,,,,,,,,,,,,,,,,1.117
223,27-Oct-2012,Saturday,,,,,,,,,,,,,,,No time to run. 60 mins on ex bike,,,,,1.117
224,28-Oct-2012,Sunday,,,,,,,,,,,,,,,"Too cold, 60 mins on ex bike",0,,0,#DIV/0!,1.118
225,29-Oct-2012,Monday,,,,,,,,,,,,,,,,,,,,1.118
226,30-Oct-2012,Tuesday,7.2,0:41:22,0:05:44,10.44,167,70,0.97%,,11.40,12.13,1:51:13,1:44:59,3:54:37,Towards Risenga then Kirkeveien/Semsveien loop,Snow and ice!,,,,,1.119
227,31-Oct-2012,Wednesday,,,,,,,,,,,,,,,Too busy at work,,89.1000000000001,,,1.120
228,1-Nov-2012,Thursday,9.2,0:50:08,0:05:26,11.01,171,84,0.91%,,11.49,12.18,1:50:46,1:44:35,3:53:39,Risenga/Kirkeveien/Semsveien,Snow mostly gone. Slight hangover.,,,,,1.120
229,2-Nov-2012,Friday,,,,,,,,,,,,,,,,,,,,1.121
230,3-Nov-2012,Saturday,,,,,,,,,,,,,,,"Rain. 60m exbike, res 5, 31.2km",,,,,1.121
231,4-Nov-2012,Sunday,19.3,1:50:47,0:05:44,10.45,158,172,0.89%,,12.73,13.40,1:40:05,1:35:00,3:31:13,Risenga/Kirkeveien/Semsveien/Heggedal,Cold and wet. Took it easy.,35.7,,3:22:17,5.67,1.122
232,5-Nov-2012,Monday,,,,,,,,,,,,,,,,,,,,1.122
233,6-Nov-2012,Tuesday,,,,,,,,,,,,,,,"Snow.  60m exbike, res 5, 31.1km",,,,,1.123
234,7-Nov-2012,Wednesday,,,,,,,,,,,,,,,Snow.  Busy during day and evening,,,,,1.124
235,8-Nov-2012,Thursday,,,,,,,,,,,,,,,"Busy.  60m exbike, res 5, 31.1km",,,,,1.124
236,9-Nov-2012,Friday,,,,,,,,,,,,,,,New road and indoor shoes arrive.,,,,,1.125
237,10-Nov-2012,Saturday,10.1,1:00:00,0:05:56,10.10,160,0,0.00%,11.99,,11.99,1:52:35,1:46:13,3:57:30,Treadmill,"45 @ 11kph, 166bpm + WU, CD",,,,,1.125
238,11-Nov-2012,Sunday,20.4,2:00:00,0:05:52,10.20,160,0,0.00%,12.11,,12.11,1:51:25,1:45:10,3:55:01,Treadmill,"110 @ 10.5kph, 160bpm + WU, CD",30.5,,3:00:00,5.90,1.126
239,12-Nov-2012,Monday,,,,,,,,,,,,,,,,,,,,1.126
240,13-Nov-2012,Tuesday,10.27,1:02:24,0:06:04,9.88,161,113,1.10%,,11.58,12.41,1:48:36,1:42:39,3:49:07,Semsvann,"Cold, muddy, icy in places. Felt v easy.",,,,,1.127
241,14-Nov-2012,Wednesday,10.79,0:58:04,0:05:22,11.15,170,91,0.84%,,11.77,12.40,1:48:39,1:42:42,3:49:14,Heggedal,"5 WU, 10 fast, 15 easy, 30 moderate",,,,,1.127
242,15-Nov-2012,Thursday,10.1,0:57:04,0:05:39,10.62,167,110,1.09%,,11.60,12.41,1:48:33,1:42:36,3:49:00,Semsvann,Pretty easy. Muddy in places but no ice.,,,,,1.128
243,16-Nov-2012,Friday,,,,,,,,,,,,,,,,,,,,1.129
244,17-Nov-2012,Saturday,10.7,1:00:00,0:05:36,10.70,159,0,0.00%,12.87,,12.87,1:44:28,1:38:58,3:40:27,Treadmill,"Evening. 50 @ 11kph, 160bpm + WU, CD",,,,,1.129
245,18-Nov-2012,Sunday,22.1,2:00:42,0:05:27,10.99,162,206,0.93%,,12.73,13.43,1:39:52,1:34:49,3:30:46,Heggedal,"Afternoon. Easy on lungs, hard on legs.",63.96,,5:58:14,5.60,1.130
246,19-Nov-2012,Monday,,,,,,,,,,,,,,,,,,,,1.130
247,20-Nov-2012,Tuesday,11,1:00:00,0:05:27,11.00,165,0,0.00%,12.29,,12.29,1:49:39,1:43:36,3:51:21,Treadmill,"Midday.  Build-up 11kph to 11.8kph, + WU, CD",,,,,1.131
248,21-Nov-2012,Wednesday,10.2,0:53:02,0:05:11,11.54,169,93,0.91%,,12.32,13.00,1:43:19,1:37:56,3:38:03,Semsvann,"Good effort. Muddy, slippery.",,,,,1.131
249,22-Nov-2012,Thursday,,,,,,,,,,,,,,,Busy at work; Eva and Kat sick in evening.,,,,,1.132
250,23-Nov-2012,Friday,,,,,,,,,,,,,,,,,,,,1.133
251,24-Nov-2012,Saturday,19.6,1:56:00,0:05:55,10.14,161,373,1.90%,,11.89,13.32,1:40:44,1:35:36,3:32:35,Gupu,"Muddy, foggy, cold, hilly. Good fun!",,,,,1.133
252,25-Nov-2012,Sunday,7.5,0:45:00,0:06:00,10.00,147,0,0.00%,14.18,,14.18,1:34:16,1:29:45,3:19:00,Treadmill,"Easy effort, but hamstrings hurt. +Weights",48.3,,4:34:02,5.67,1.134
253,26-Nov-2012,Monday,,,,,,,,,,,,,,,,,,,,1.134
254,27-Nov-2012,Tuesday,6.6,0:45:00,0:06:49,8.80,142,0,0.00%,13.48,,13.48,1:39:25,1:34:24,3:29:49,Treadmill,"Very easy, DOMS after squats on Sunday",,,,,1.135
255,28-Nov-2012,Wednesday,,,,,,,,,,,,,,,,,,,,1.135
256,29-Nov-2012,Thursday,10.6,1:00:00,0:05:39,10.60,160,0,0.00%,12.59,,12.59,1:46:56,1:41:10,3:45:38,Treadmill,"Comfortable. 45 @ 11kph, 163 bpm",,,,,1.136
257,30-Nov-2012,Friday,,,,,,,,,,,,,,,,,188.46,,,1.137
258,1-Dec-2012,Saturday,10,1:00:00,0:06:00,10.00,153,0,0.00%,13.01,,13.01,1:43:13,1:37:50,3:37:50,Treadmill,Sick. Felt alright while running. Weights after.,,,,,1.137
259,2-Dec-2012,Sunday,20,2:00:00,0:06:00,10.00,153,0,0.00%,13.01,,13.01,1:43:13,1:37:50,3:37:50,Treadmill,Sick. Legs hurt. Struggle to do 2 hours.,47.2,,4:45:00,6.03,1.138
260,3-Dec-2012,Monday,,,,,,,,,,,,,,,,,,,,1.138
261,4-Dec-2012,Tuesday,10.6,1:00:00,0:05:39,10.60,,0,0.00%,,,,,,,Treadmill,Felt good. + squats,,,,,1.139
262,5-Dec-2012,Wednesday,7.4,0:45:00,0:06:04,9.87,152,0,0.00%,13.02,,13.02,1:43:11,1:37:48,3:37:45,Treadmill,"Easy, but legs hurt after squats. +BP",,,,,1.139
263,6-Dec-2012,Thursday,,,,,,,,,,,,,,,No time to run,,,,,1.140
264,7-Dec-2012,Friday,,,,,,,,,,,,,,,,,,,,1.141
265,8-Dec-2012,Saturday,,,,,,,,,,,,,,,In UK,,,,,1.141
266,9-Dec-2012,Sunday,10.8,1:00:00,0:05:33,10.80,161,0,0.00%,12.67,,12.67,1:46:14,1:40:32,3:44:09,Treadmill,Back from trip; no time for more. + squats,28.8,,2:45:00,5.73,1.142
267,10-Dec-2012,Monday,,,,,,,,,,,,,,,,,,,,1.142
268,11-Dec-2012,Tuesday,11,1:00:51,0:05:31,10.85,164,0,0.00%,12.27,,12.27,1:49:55,1:43:50,3:51:54,Treadmill,Comfortable.,,,,,1.143
269,12-Dec-2012,Wednesday,5,0:30:00,0:06:00,10.00,,0,0.00%,,,,,,,Treadmill,Chafing; had to stop early,,,,,1.143
270,13-Dec-2012,Thursday,,,,,,,,,,,,,,,Busy,,,,,1.144
271,14-Dec-2012,Friday,10.6,1:00:00,0:05:39,10.60,159,0,0.00%,12.75,,12.75,1:45:31,1:39:54,3:42:39,Treadmill,Pretty easy.,,,,,1.144
272,15-Dec-2012,Saturday,8.1,0:45:00,0:05:33,10.80,,0,0.00%,,,,,,,Treadmill,Tempo. 10@12kph 168bpm,,,,,1.145
273,16-Dec-2012,Sunday,16.6,1:30:00,0:05:25,11.07,162,0,0.00%,12.82,,12.82,1:44:52,1:39:19,3:41:17,Treadmill,Comfortable. 80@11.2kph 162bpm,51.3,,4:45:51,5.57,1.146
274,17-Dec-2012,Monday,,,,,,,,,,,,,,,,,,,,1.146
275,18-Dec-2012,Tuesday,11,1:00:00,0:05:27,11.00,,0,0.00%,,,,,,,Treadmill,Fairly easy.,,,,,1.147
276,19-Dec-2012,Wednesday,11,1:00:00,0:05:27,11.00,163,0,0.00%,12.59,,12.59,1:46:55,1:41:09,3:45:35,Treadmill,Fairly easy,,,,,1.147
277,20-Dec-2012,Thursday,,,,,,,,,,,,,,,Too busy,,,,,1.148
278,21-Dec-2012,Friday,22.4,2:00:00,0:05:21,11.20,160,0,0.00%,13.30,,13.30,1:40:52,1:35:43,3:32:53,Treadmill,"1:50@11.3kph, 160bpm",,,,,1.149
279,22-Dec-2012,Saturday,,,,,,,,,,,,,,,,,,,,1.149
280,23-Dec-2012,Sunday,,,,,,,,,,,,,,,,44.4,,4:00:00,5.40,1.150
281,24-Dec-2012,Monday,,,,,,,,,,,,,,,,,,,,1.150
282,25-Dec-2012,Tuesday,,,,,,,,,,,,,,,,,,,,1.151
283,26-Dec-2012,Wednesday,,,,,,,,,,,,,,,,,,,,1.151
284,27-Dec-2012,Thursday,,,,,,,,,,,,,,,,,,,,1.152
285,28-Dec-2012,Friday,10.9,0:59:40,0:05:28,10.96,160,0,0.00%,13.02,,13.02,1:43:12,1:37:49,3:37:47,Treadmill,"Felt crap. 50@11.2, 160bpm",,,,,1.153
286,29-Dec-2012,Saturday,12.7,1:10:00,0:05:30,10.89,,0,0.00%,,,,,,,Treadmill,Felt crap. Intended 2 hours.,,,,,1.153
287,30-Dec-2012,Sunday,,,,,,,,,,,,,,,,23.6,,2:09:40,5.50,1.154
288,31-Dec-2012,Monday,,,,,,,,,,,,,,,,,178.1,,,1.154
289,1-Jan-2013,Tuesday,,,,,,,,,,,,,,,,,,,,1.155
290,2-Jan-2013,Wednesday,7.6,0:45:00,0:05:55,10.13,,0,0.00%,,,,,,,Treadmill,Ran after 2k rowing time trial (7:54),,,,,1.155
291,3-Jan-2013,Thursday,9.9,1:00:00,0:06:03,9.90,150,0,0.00%,13.44,,13.44,1:39:47,1:34:45,3:30:37,Treadmill,"Hurts behind left knee, so kept pace easy",,,,,1.156
292,4-Jan-2013,Friday,,,,,,,,,,,,,,,Left knee incredibly stiff and a bit painful.,,,,,1.157
293,5-Jan-2013,Saturday,,,,,,,,,,,,,,,Don't think knee can cope with 2 runs this weekend. Much less stiff today though.,,,,,1.157
294,6-Jan-2013,Sunday,22,2:03:03,0:05:35,10.73,167,212,0.96%,,11.71,12.44,1:48:19,1:42:24,3:48:32,Heggedal,"-1C, bit icy in places. Knee started to stiffen up after an hour.",39.5,,3:48:03,5.77,1.158
295,7-Jan-2013,Monday,,,,,,,,,,,,,,,,,,,,1.158
296,8-Jan-2013,Tuesday,6.5,0:45:00,0:06:55,8.67,143,0,0.00%,13.07,,13.07,1:42:46,1:37:25,3:36:52,Treadmill,"Left hamstring hurts, didn't want to risk any faster/further",,,,,1.159
297,9-Jan-2013,Wednesday,6.6,0:45:00,0:06:49,8.80,142,0,0.00%,13.48,,13.48,1:39:25,1:34:24,3:29:49,Treadmill,"Hamstring still hurts. HR measured usin Garmin. 5=92, 6=102, 8=132, 8.5=138, 9=143, 9.5=151",,,,,1.159
298,10-Jan-2013,Thursday,,,,,,,,,,,,,,,,,,,,1.160
299,11-Jan-2013,Friday,,,,,,,,,,,,,,,,,,,,1.161
300,12-Jan-2013,Saturday,23.3,2:15:00,0:05:47,10.36,155,0,0.00%,13.12,,13.12,1:42:22,1:37:04,3:36:01,Treadmill,Build up 10kph to 11kph. Left hamstring still hurts. New pain started at 2 hr mark.,,,,,1.161
301,13-Jan-2013,Sunday,,,,,,,,,,,,,,,Leg bad.,36.4,,3:45:00,6.18,1.162
302,14-Jan-2013,Monday,,,,,,,,,,,,,,,,,,,,1.162
303,15-Jan-2013,Tuesday,,,,,,,,,,,,,,,"Leg feeling a bit better, but still needs rest. Nasty cough developing",,,,,1.163
304,16-Jan-2013,Wednesday,,,,,,,,,,,,,,,,,,,,1.164
305,17-Jan-2013,Thursday,,,,,,,,,,,,,,,Leg on road to recovery but cough dreadful,,,,,1.164
306,18-Jan-2013,Friday,,,,,,,,,,,,,,,,,,,,1.165
307,19-Jan-2013,Saturday,,,,,,,,,,,,,,,,,,,,1.165
308,20-Jan-2013,Sunday,,,,,,,,,,,,,,,,0,,0,#DIV/0!,1.166
309,21-Jan-2013,Monday,,,,,,,,,,,,,,,,,,,,1.166
310,22-Jan-2013,Tuesday,,,,,,,,,,,,,,,,,,,,1.167
311,23-Jan-2013,Wednesday,,,,,,,,,,,,,,,,,,,,1.168
312,24-Jan-2013,Thursday,,,,,,,,,,,,,,,,,,,,1.168
313,25-Jan-2013,Friday,,,,,,,,,,,,,,,,,,,,1.169
314,26-Jan-2013,Saturday,,,,,,,,,,,,,,,,,,,,1.169
315,27-Jan-2013,Sunday,,,,,,,,,,,,,,,,0,,0,#DIV/0!,1.170
316,28-Jan-2013,Monday,,,,,,,,,,,,,,,,,,,,1.171
317,29-Jan-2013,Tuesday,,,,,,,,,,,,,,,,,,,,1.171
318,30-Jan-2013,Wednesday,,,,,,,,,,,,,,,,,,,,1.172
319,31-Jan-2013,Thursday,,,,,,,,,,,,,,,Diagnosed with pneumonia,,75.8999999999999,,,1.172
320,1-Feb-2013,Friday,,,,,,,,,,,,,,,,,,,,1.173
321,2-Feb-2013,Saturday,,,,,,,,,,,,,,,,,,,,1.173
322,3-Feb-2013,Sunday,,,,,,,,,,,,,,,,0,,0,#DIV/0!,1.174
323,4-Feb-2013,Monday,,,,,,,,,,,,,,,,,,,,1.175
324,5-Feb-2013,Tuesday,,,,,,,,,,,,,,,,,,,,1.175
325,6-Feb-2013,Wednesday,,,,,,,,,,,,,,,,,,,,1.176
326,7-Feb-2013,Thursday,,,,,,,,,,,,,,,,,,,,1.176
327,8-Feb-2013,Friday,,,,,,,,,,,,,,,,,,,,1.177
328,9-Feb-2013,Saturday,,,,,,,,,,,,,,,,,,,,1.178
329,10-Feb-2013,Sunday,,,,,,,,,,,,,,,,0,,0,#DIV/0!,1.178
330,11-Feb-2013,Monday,,,,,,,,,,,,,,,,,,,,1.179
331,12-Feb-2013,Tuesday,4.3,0:26:40,0:06:12,9.68,,,,,,,,,,Risenga,Very out of breath by end,,,,,1.179
332,13-Feb-2013,Wednesday,,,,,,,,,,,,,,,,,,,,1.180
333,14-Feb-2013,Thursday,5.7,0:33:50,0:05:56,10.11,178,29,0.51%,,9.80,10.18,2:14:14,2:05:16,4:42:53,To Semsvann,Hard. Loose snow,,,,,1.181
334,15-Feb-2013,Friday,,,,,,,,,,,,,,,,,,,,1.181
335,16-Feb-2013,Saturday,,,,,,,,,,,,,,,,,,,,1.182
336,17-Feb-2013,Sunday,9.8,0:59:20,0:06:03,9.91,173,111,1.13%,,10.12,10.97,2:03:50,1:56:10,4:21:05,Semsvann,Hills were tough. Loose snow in places.,19.8,,1:59:50,6.05,1.182
337,18-Feb-2013,Monday,,,,,,,,,,,,,,,,,,,,1.183
338,19-Feb-2013,Tuesday,10.3,0:59:50,0:05:48,10.33,176,116,1.13%,,10.22,11.07,2:02:43,1:55:11,4:18:45,Semsvann,Hard,,,,,1.183
339,20-Feb-2013,Wednesday,,,,,,,,,,,,,,,,,,,,1.184
340,21-Feb-2013,Thursday,9.7,1:00:16,0:06:12,9.66,162,0,0.00%,11.19,,11.19,2:01:17,1:53:55,4:15:44,Treadmill,"8kph=148bpm, 9=156, 10=164",,,,,1.185
341,22-Feb-2013,Friday,,,,,,,,,,,,,,,,,,,,1.185
342,23-Feb-2013,Saturday,9.74,0:57:26,0:05:53,10.18,174,105,1.08%,,10.28,11.09,2:02:24,1:54:54,4:18:05,Semsvann,Hard,,,,,1.186
343,24-Feb-2013,Sunday,16.4,1:37:35,0:05:57,10.08,169,154,0.94%,,10.76,11.47,1:58:07,1:51:07,4:09:05,Heggedal,Comfortable,46.14,,4:35:07,5.97,1.186
344,25-Feb-2013,Monday,,,,,,,,,,,,,,,,,,,,1.187
345,26-Feb-2013,Tuesday,10.4,1:02:13,0:05:58,10.03,168,112,1.08%,,10.83,11.63,1:56:18,1:49:30,4:05:17,,,,,,,1.188
346,27-Feb-2013,Wednesday,,,,,,,,,,,,,,,,,,,,1.188
347,28-Feb-2013,Thursday,10.3,0:59:39,0:05:47,10.36,175,112,1.09%,,10.36,11.18,2:01:25,1:54:02,4:16:01,Semsvann,Hard. Windy,,86.6400000000001,,,1.189
348,1-Mar-2013,Friday,,,,,,,,,,,,,,,,,,,,1.189
349,2-Mar-2013,Saturday,10.8,1:03:07,0:05:50,10.27,168,90,0.83%,,11.08,11.71,1:55:31,1:48:49,4:03:39,Heggedal,"No spikes. Icy patches. Very windy. Fell once, got wet feet twice.",,,,,1.190
350,3-Mar-2013,Sunday,19,2:02:00,0:06:25,9.34,,283,1.49%,,,,,,,Gupu,Comfortable. Legs ached by end.  (Distance estimed),50.5,,5:06:59,6.08,1.191
351,4-Mar-2013,Monday,,,,,,,,,,,,,,,,,,,,1.191
352,5-Mar-2013,Tuesday,10.4,1:05:20,0:06:16,9.55,164,112,1.08%,,10.80,11.61,1:56:34,1:49:45,4:05:51,Semsvann,Easy,,,,,1.192
353,6-Mar-2013,Wednesday,,,,,,,,,,,,,,,,,,,,1.192
354,7-Mar-2013,Thursday,10.35,1:00:34,0:05:51,10.25,,112,1.08%,,,,,,,Semsvann,4k easy then 5k HM effort. HRM went crazy at start so no overall HR,,,,,1.193
355,8-Mar-2013,Friday,,,,,,,,,,,,,,,,,,,,1.194
356,9-Mar-2013,Saturday,,,,,,,,,,,,,,,Visitors,,,,,1.194
357,10-Mar-2013,Sunday,,,,,,,,,,,,,,,Visitors,20.75,,2:05:54,6.07,1.195
358,11-Mar-2013,Monday,,,,,,,,,,,,,,,,,,,,1.195
359,12-Mar-2013,Tuesday,,,,,,,,,,,,,,,Visitors,,,,,1.196
360,13-Mar-2013,Wednesday,,,,,,,,,,,,,,,,,,,,1.197
361,14-Mar-2013,Thursday,18.7,1:56:16,0:06:13,9.65,165,295,1.58%,,10.79,11.97,1:52:50,1:46:26,3:58:01,Gupu,Easy,,,,,1.197
362,15-Mar-2013,Friday,,,,,,,,,,,,,,,,,,,,1.198
363,16-Mar-2013,Saturday,,,,,,,,,,,,,,,Busy,,,,,1.198
364,17-Mar-2013,Sunday,22.3,2:05:26,0:05:37,10.67,169,225,1.01%,,11.39,12.14,1:51:07,1:44:54,3:54:24,Heggedal,Comfortable,41,,4:01:42,5.90,1.199
365,18-Mar-2013,Monday,,,,,,,,,,,,,,,,,,,,1.200
366,19-Mar-2013,Tuesday,,,,,,,,,,,,,,,,,,,,1.200
367,20-Mar-2013,Wednesday,7.9,0:45:00,0:05:41,10.53,161,0,0.00%,12.35,,12.35,1:49:06,1:43:06,3:50:09,Treadmill,Build up,,,,,1.201
368,21-Mar-2013,Thursday,,,,,,,,,,,,,,,,,,,,1.201
369,22-Mar-2013,Friday,,,,,,,,,,,,,,,,,,,,1.202
370,23-Mar-2013,Saturday,,,,,,,,,,,,,,,,,,,,1.203
371,24-Mar-2013,Sunday,21.1,1:54:00,0:05:24,11.11,176,254,1.20%,,10.99,11.89,1:53:37,1:47:07,3:59:39,Hastings Half Marathon,Ran according to plan.,29,,2:39:00,5.48,1.203
372,25-Mar-2013,Monday,,,,,,,,,,,,,,,,,,,,1.204
373,26-Mar-2013,Tuesday,6.5,0:37:00,0:05:41,10.54,,,,,,,,,,Hoylake crescent,"Recovery run, Garmin battery dead",,,,,1.204
374,27-Mar-2013,Wednesday,,,,,,,,,,,,,,,,,,,,1.205
375,28-Mar-2013,Thursday,,,,,,,,,,,,,,,,,,,,1.206
376,29-Mar-2013,Friday,30,2:56:56,0:05:53,10.17,161,363,1.21%,,11.93,12.84,1:44:43,1:39:11,3:40:58,Røyken,Feeling the beginnings of cramp by the end :-(,,,,,1.206
377,30-Mar-2013,Saturday,,,,,,,,,,,,,,,,,,,,1.207
378,31-Mar-2013,Sunday,,,,,,,,,,,,,,,,36.5,157.05,3:33:56,5.87,1.207
379,1-Apr-2013,Monday,22,2:02:06,0:05:33,10.81,161,185,0.84%,,12.68,13.31,1:40:47,1:35:39,3:32:43,Heggedal,"Half easy, half hard. 157bpm / 166bpm. 5:47 / 5:19.",,,,,1.208
380,2-Apr-2013,Tuesday,,,,,,,,,,,,,,,,,,,,1.209
381,3-Apr-2013,Wednesday,8,0:44:09,0:05:31,10.87,169,37,0.46%,,11.60,11.95,1:53:01,1:46:35,3:58:23,Towards Semsvann,"Marathon pace, surprisingly hard.",,,,,1.209
382,4-Apr-2013,Thursday,,,,,,,,,,,,,,,,,,,,1.210
383,5-Apr-2013,Friday,5.8,0:34:25,0:05:56,10.11,161,28,0.48%,,11.86,12.22,1:50:21,1:44:13,3:52:49,Towards Semsvann,Easy,,,,,1.210
384,6-Apr-2013,Saturday,,,,,,,,,,,,,,,,,,,,1.211
385,7-Apr-2013,Sunday,15,1:23:54,0:05:35,10.73,161,140,0.93%,,12.58,13.28,1:41:01,1:35:51,3:33:12,Heggedal,Fairly easy,50.8,,4:44:34,5.60,1.212
386,8-Apr-2013,Monday,,,,,,,,,,,,,,,,,,,,1.212
387,9-Apr-2013,Tuesday,5,0:30:11,0:06:02,9.94,160,59,1.18%,,11.80,12.69,1:46:02,1:40:22,3:43:45,Past Risenga,Easy,,,,,1.213
388,10-Apr-2013,Wednesday,,,,,,,,,,,,,,,,,,,,1.213
389,11-Apr-2013,Thursday,,,,,,,,,,,,,,,,,,,,1.214
390,12-Apr-2013,Friday,,,,,,,,,,,,,,,,,,,,1.215
391,13-Apr-2013,Saturday,,,,,,,,,,,,,,,,,,,,1.215
392,14-Apr-2013,Sunday,42.2,4:18:39,0:06:07,9.79,168,390,0.92%,,10.57,11.26,2:00:26,1:53:10,4:13:58,Holmestrand Marathon,"Last 18km were agony.  Much hillier than expected.  Splits 1:20, 1:20, 1:38",47.2,,4:48:50,6.12,1.216
393,15-Apr-2013,Monday,,,,,,,,,,,,,,,,,,,,1.216
394,16-Apr-2013,Tuesday,,,,,,,,,,,,,,,,,,,,1.217
395,17-Apr-2013,Wednesday,3.4,0:19:30,0:05:44,10.46,162,25,0.74%,,12.12,12.67,1:46:11,1:40:30,3:44:03,Solgården,Easy.,,,,,1.218
396,18-Apr-2013,Thursday,,,,,,,,,,,,,,,,,,,,1.218
397,19-Apr-2013,Friday,,,,,,,,,,,,,,,,,,,,1.219
398,20-Apr-2013,Saturday,9,0:46:01,0:05:06,11.73,167,70,0.78%,,12.81,13.40,1:40:06,1:35:01,3:31:15,Semsvann,Quick,,,,,1.220
399,21-Apr-2013,Sunday,,,,,,,,,,,,,,,,12.4,,1:05:31,5.28,1.220
400,22-Apr-2013,Monday,,,,,,,,,,,,,,,,,,,,1.221
401,23-Apr-2013,Tuesday,10.4,0:57:24,0:05:31,10.87,168,70,0.67%,,11.74,12.24,1:50:10,1:44:03,3:52:25,Semsvann,Fartlek,,,,,1.221
402,24-Apr-2013,Wednesday,,,,,,,,,,,,,,,,,,,,1.222
403,25-Apr-2013,Thursday,,,,,,,,,,,,,,,,,,,,1.223
404,26-Apr-2013,Friday,,,,,,,,,,,,,,,,,,,,1.223
405,27-Apr-2013,Saturday,10,0:46:31,0:04:39,12.90,180,86,0.86%,,12.25,12.90,1:44:12,1:38:43,3:39:53,Sentrumslopet 10k,Felt good,,,,,1.224
406,28-Apr-2013,Sunday,,,,,,,,,,,,,,,,20.4,,1:43:55,5.10,1.224
407,29-Apr-2013,Monday,,,,,,,,,,,,,,,Gym.,,,,,1.225
408,30-Apr-2013,Tuesday,8,0:46:00,0:05:45,10.43,162,50,0.63%,,12.09,12.56,1:47:13,1:41:25,3:46:12,Semsvann,"3x500 @ 4:12, 4:09, 4:25",,138.8,,,1.226
409,1-May-2013,Wednesday,,,,,,,,,,,,,,,,,,,,1.226
410,2-May-2013,Thursday,6.1,0:32:54,0:05:23,11.12,166,,,,12.29,12.29,1:49:42,1:43:39,3:51:27,Kirkeveien,"Tempo run 10:39 @ 181bpm, 4:31/km, hilly",,,,,1.227
411,3-May-2013,Friday,,,,,,,,,,,,,,,,,,,,1.227
412,4-May-2013,Saturday,,,,,,,,,,,,,,,,,,,,1.228
413,5-May-2013,Sunday,22,2:04:20,0:05:39,10.62,165,185,0.84%,,11.87,12.50,1:47:46,1:41:55,3:47:23,Heggedal,"Two thirds @ 164bpm, then 169bpm. Exhausting.",36.1,,3:23:14,5.63,1.229
414,6-May-2013,Monday,,,,,,,,,,,,,,,Gym,,,,,1.229
415,7-May-2013,Tuesday,5,0:27:54,0:05:34,10.75,164,25,0.50%,,12.16,12.54,1:47:25,1:41:35,3:46:37,Semsvann,"Planned intervals, but legs too tired.",,,,,1.230
416,8-May-2013,Wednesday,,,,,,,,,,,,,,,,,,,,1.231
417,9-May-2013,Thursday,,,,,,,,,,,,,,,,,,,,1.231
418,10-May-2013,Friday,,,,,,,,,,,,,,,,,,,,1.232
419,11-May-2013,Saturday,11.8,1:02:00,0:05:15,11.42,,,,,,,,,,Kjerkebukta,Comfortably hard,,,,,1.232
420,12-May-2013,Sunday,,,,,,,,,,,,,,,,16.8,,1:29:54,5.35,1.233
421,13-May-2013,Monday,,,,,,,,,,,,,,,"Gym.  Squats, deadlifts, chin ups.",,,,,1.234
422,14-May-2013,Tuesday,6.9,0:37:30,0:05:26,11.04,166,100,1.45%,,12.20,13.28,1:41:01,1:35:51,3:33:11,Kirkeveien,"4 x 500m hills. 4:53, 4:56, 4:58, 5:03. 177bpm, 175, 175, 174.  Ugh, horrible.",,,,,1.234
423,15-May-2013,Wednesday,,,,,,,,,,,,,,,,,,,,1.235
424,16-May-2013,Thursday,,,,,,,,,,,,,,,,,,,,1.235
425,17-May-2013,Friday,,,,,,,,,,,,,,,,,,,,1.236
426,18-May-2013,Saturday,10,0:53:02,0:05:18,11.31,168,73,0.73%,,12.21,12.76,1:45:24,1:39:47,3:42:24,Semsvann,Comfortably hard,,,,,1.237
427,19-May-2013,Sunday,,,,,,,,,,,,,,,,16.9,,1:30:32,5.35,1.237
428,20-May-2013,Monday,15.1,1:29:26,0:05:55,10.13,155,165,1.09%,,12.83,13.65,1:38:07,1:33:14,3:27:07,Heggedal,Easy,,,,,1.238
429,21-May-2013,Tuesday,,,,,,,,,,,,,,,,,,,,1.239
430,22-May-2013,Wednesday,,,,,,,,,,,,,,,,,,,,1.239
431,23-May-2013,Thursday,8.4,0:43:53,0:05:13,11.48,165,50,0.60%,,12.84,13.28,1:41:00,1:35:51,3:33:11,Semsvann,"Tempo 14 mins @ 169bpm, 04:56",,,,,1.240
432,24-May-2013,Friday,,,,,,,,,,,,,,,,,,,,1.240
433,25-May-2013,Saturday,,,,,,,,,,,,,,,,,,,,1.241
434,26-May-2013,Sunday,,,,,,,,,,,,,,,,23.5,,2:13:19,5.67,1.242
435,27-May-2013,Monday,,,,,,,,,,,,,,,,,,,,1.242
436,28-May-2013,Tuesday,,,,,,,,,,,,,,,,,,,,1.243
437,29-May-2013,Wednesday,5,0:22:57,0:04:35,13.07,188,15,0.30%,,11.50,11.72,1:55:22,1:48:41,4:03:19,Fornebuløpet,Very humid.,,,,,1.244
438,30-May-2013,Thursday,,,,,,,,,,,,,,,,,,,,1.244
439,31-May-2013,Friday,,,,,,,,,,,,,,,,,90.3,,,1.245
440,1-Jun-2013,Saturday,,,,,,,,,,,,,,,,,,,,1.245
441,2-Jun-2013,Sunday,,,,,,,,,,,,,,,,5,,0:22:57,4.58,1.246
442,3-Jun-2013,Monday,,,,,,,,,,,,,,,,,,,,1.247
443,4-Jun-2013,Tuesday,9.5,0:54:44,0:05:45,10.41,163,85,0.89%,,11.92,12.59,1:46:55,1:41:09,3:45:34,Semsvann,Easy,,,,,1.247
444,5-Jun-2013,Wednesday,,,,,,,,,,,,,,,,,,,,1.248
445,6-Jun-2013,Thursday,,,,,,,,,,,,,,,,,,,,1.249
446,7-Jun-2013,Friday,,,,,,,,,,,,,,,,,,,,1.249
447,8-Jun-2013,Saturday,9.5,0:50:18,0:05:17,11.33,169,85,0.89%,,12.10,12.77,1:45:21,1:39:44,3:42:17,Semsvann,Hard,,,,,1.250
448,9-Jun-2013,Sunday,,,,,,,,,,,,,,,,19,,1:45:02,5.53,1.250
449,10-Jun-2013,Monday,,,,,,,,,,,,,,,,,,,,1.251
450,11-Jun-2013,Tuesday,9.5,1:00:25,0:06:21,9.43,154,85,0.89%,,12.11,12.78,1:45:12,1:39:37,3:41:59,Semsvann,Very easy,,,,,1.252
451,12-Jun-2013,Wednesday,,,,,,,,,,,,,,,,,,,,1.252
452,13-Jun-2013,Thursday,,,,,,,,,,,,,,,,,,,,1.253
453,14-Jun-2013,Friday,,,,,,,,,,,,,,,,,,,,1.254
454,15-Jun-2013,Saturday,18,1:44:37,0:05:48,10.32,160,140,0.78%,,12.26,12.84,1:44:41,1:39:09,3:40:54,Heggedal,Easy,,,,,1.254
455,16-Jun-2013,Sunday,,,,,,,,,,,,,,,,27.5,,2:45:02,6.00,1.255
456,17-Jun-2013,Monday,,,,,,,,,,,,,,,,,,,,1.255
457,18-Jun-2013,Tuesday,,,,,,,,,,,,,,,,,,,,1.256
458,19-Jun-2013,Wednesday,,,,,,,,,,,,,,,,,,,,1.257
459,20-Jun-2013,Thursday,,,,,,,,,,,,,,,,,,,,1.257
460,21-Jun-2013,Friday,,,,,,,,,,,,,,,,,,,,1.258
461,22-Jun-2013,Saturday,,,,,,,,,,,,,,,,,,,,1.259
462,23-Jun-2013,Sunday,19.4,1:52:46,0:05:48,10.32,163,209,1.08%,,11.81,12.62,1:46:37,1:40:53,3:44:58,Heggedal,5km in 26:56 then 14.4km easy,19.4,,1:52:46,5.82,1.259
463,24-Jun-2013,Monday,,,,,,,,,,,,,,,,,,,,1.260
464,25-Jun-2013,Tuesday,,,,,,,,,,,,,,,,,,,,1.260
465,26-Jun-2013,Wednesday,,,,,,,,,,,,,,,,,,,,1.261
466,27-Jun-2013,Thursday,,,,,,,,,,,,,,,,,,,,1.262
467,28-Jun-2013,Friday,,,,,,,,,,,,,,,,,,,,1.262
468,29-Jun-2013,Saturday,,,,,,,,,,,,,,,,,,,,1.263
469,30-Jun-2013,Sunday,9.56,0:55:25,0:05:47,10.35,158,85,0.89%,,12.61,13.27,1:41:05,1:35:55,3:33:20,Semsvann,Easy,9.56,75.46,0:55:25,5.80,1.264
470,1-Jul-2013,Monday,,,,,,,,,,,,,,,,,,,,1.264
471,2-Jul-2013,Tuesday,7,0:38:13,0:05:27,10.99,166,50,0.71%,,12.14,12.68,1:46:09,1:40:28,3:43:59,Semsvann,11 min tempo,,,,,1.265
472,3-Jul-2013,Wednesday,,,,,,,,,,,,,,,,,,,,1.265
473,4-Jul-2013,Thursday,,,,,,,,,,,,,,,,,,,,1.266
474,5-Jul-2013,Friday,,,,,,,,,,,,,,,,,,,,1.267
475,6-Jul-2013,Saturday,,,,,,,,,,,,,,,,,,,,1.267
476,7-Jul-2013,Sunday,,,,,,,,,,,,,,,,7,,0:38:13,5.47,1.268
477,8-Jul-2013,Monday,,,,,,,,,,,,,,,,,,,,1.269
478,9-Jul-2013,Tuesday,,,,,,,,,,,,,,,,,,,,1.269
479,10-Jul-2013,Wednesday,9.5,0:52:00,0:05:28,10.96,,85,0.89%,,,,,,,Semsvann,"Estimated time, no watch with me",,,,,1.270
480,11-Jul-2013,Thursday,,,,,,,,,,,,,,,,,,,,1.271
481,12-Jul-2013,Friday,,,,,,,,,,,,,,,,,,,,1.271
482,13-Jul-2013,Saturday,9.55,0:57:12,0:05:59,10.02,161,90,0.94%,,11.75,12.46,1:48:09,1:42:15,3:48:10,Semsvann,,,,,,1.272
483,14-Jul-2013,Sunday,,,,,,,,,,,,,,,,19.05,,1:49:12,5.73,1.272
484,15-Jul-2013,Monday,,,,,,,,,,,,,,,,,,,,1.273
485,16-Jul-2013,Tuesday,9.5,0:55:22,0:05:49,10.30,162,85,0.89%,,11.93,12.60,1:46:51,1:41:05,3:45:26,Semsvann,Easy,,,,,1.274
486,17-Jul-2013,Wednesday,,,,,,,,,,,,,,,,,,,,1.274
487,18-Jul-2013,Thursday,,,,,,,,,,,,,,,,,,,,1.275
488,19-Jul-2013,Friday,,,,,,,,,,,,,,,,,,,,1.276
489,20-Jul-2013,Saturday,,,,,,,,,,,,,,,,,,,,1.276
490,21-Jul-2013,Sunday,,,,,,,,,,,,,,,,9.5,,0:55:22,5.83,1.277
491,22-Jul-2013,Monday,,,,,,,,,,,,,,,,,,,,1.278
492,23-Jul-2013,Tuesday,12.1,1:15:53,0:06:16,9.57,163,140,1.16%,,10.95,11.82,1:54:22,1:47:48,4:01:14,Semsvann/Gupu,Fairly easy,,,,,1.278
493,24-Jul-2013,Wednesday,8,0:46:38,0:05:49,10.29,159,55,0.69%,,12.38,12.89,1:44:15,1:38:45,3:39:59,Semsvann,Mouth closed,,,,,1.279
494,25-Jul-2013,Thursday,9.5,0:58:00,0:06:06,9.83,,85,0.89%,,,,,,,Semsvann,Easy,,,,,1.279
495,26-Jul-2013,Friday,,,,,,,,,,,,,,,,,,,,1.280
496,27-Jul-2013,Saturday,15.2,1:32:23,0:06:04,9.87,155,140,0.92%,,12.50,13.20,1:41:43,1:36:29,3:34:40,Heggedal,Easy,,,,,1.281
497,28-Jul-2013,Sunday,,,,,,,,,,,,,,,,44.8,,4:32:54,6.08,1.281
498,29-Jul-2013,Monday,,,,,,,,,,,,,,,,,,,,1.282
499,30-Jul-2013,Tuesday,,,,,,,,,,,,,,,,,,,,1.283
500,31-Jul-2013,Wednesday,10,0:55:24,0:05:32,10.83,168,85,0.85%,,11.69,12.33,1:49:19,1:43:18,3:50:39,Semsvann,Moderate,,90.3499999999999,,,1.283
501,1-Aug-2013,Thursday,,,,,,,,,,,,,,,,,,,,1.284
502,2-Aug-2013,Friday,,,,,,,,,,,,,,,,,,,,1.285
503,3-Aug-2013,Saturday,,,,,,,,,,,,,,,,,,,,1.285
504,4-Aug-2013,Sunday,18,1:43:45,0:05:45,10.41,161,140,0.78%,,12.21,12.79,1:45:07,1:39:33,3:41:49,Heggedal,Easy,28,,2:39:09,5.68,1.286
505,5-Aug-2013,Monday,,,,,,,,,,,,,,,,,,,,1.287
506,6-Aug-2013,Tuesday,7,0:37:26,0:05:20,11.22,165,55,0.79%,,12.54,13.13,1:42:16,1:36:58,3:35:49,Semsvann,Moderate,,,,,1.287
507,7-Aug-2013,Wednesday,,,,,,,,,,,,,,,,,,,,1.288
508,8-Aug-2013,Thursday,,,,,,,,,,,,,,,,,,,,1.288
509,9-Aug-2013,Friday,,,,,,,,,,,,,,,,,,,,1.289
510,10-Aug-2013,Saturday,21.1,2:02:47,0:05:49,10.31,167,140,0.66%,,11.26,11.76,1:55:01,1:48:22,4:02:35,Heggedal,Moderate,,,,,1.290
511,11-Aug-2013,Sunday,,,,,,,,,,,,,,,,28.1,,2:40:13,5.70,1.290
512,12-Aug-2013,Monday,,,,,,,,,,,,,,,,,,,,1.291
513,13-Aug-2013,Tuesday,,,,,,,,,,,,,,,,,,,,1.292
514,14-Aug-2013,Wednesday,,,,,,,,,,,,,,,,,,,,1.292
515,15-Aug-2013,Thursday,,,,,,,,,,,,,,,,,,,,1.293
516,16-Aug-2013,Friday,,,,,,,,,,,,,,,,,,,,1.294
517,17-Aug-2013,Saturday,,,,,,,,,,,,,,,,,,,,1.294
518,18-Aug-2013,Sunday,,,,,,,,,,,,,,,,0,,0,#DIV/0!,1.295
519,19-Aug-2013,Monday,,,,,,,,,,,,,,,,,,,,1.296
520,20-Aug-2013,Tuesday,,,,,,,,,,,,,,,,,,,,1.296
521,21-Aug-2013,Wednesday,,,,,,,,,,,,,,,,,,,,1.297
522,22-Aug-2013,Thursday,,,,,,,,,,,,,,,,,,,,1.297
523,23-Aug-2013,Friday,,,,,,,,,,,,,,,,,,,,1.298
524,24-Aug-2013,Saturday,,,,,,,,,,,,,,,,,,,,1.299
525,25-Aug-2013,Sunday,9.5,0:54:36,0:05:44,10.44,167,85,0.89%,,11.40,12.07,1:51:49,1:45:32,3:55:53,Semsvann,Back quite stiff,9.5,,0:54:36,5.75,1.299
526,26-Aug-2013,Monday,,,,,,,,,,,,,,,,,,,,1.300
527,27-Aug-2013,Tuesday,,,,,,,,,,,,,,,,,,,,1.301
528,28-Aug-2013,Wednesday,9.5,0:57:00,0:06:00,10.00,,85,0.89%,,,,,,,Semsvann,Moderate,,,,,1.301
529,29-Aug-2013,Thursday,,,,,,,,,,,,,,,,,,,,1.302
530,30-Aug-2013,Friday,,,,,,,,,,,,,,,,,,,,1.303
531,31-Aug-2013,Saturday,,,,,,,,,,,,,,,,,65.0999999999999,,,1.303
532,1-Sep-2013,Sunday,19.4,1:57:38,0:06:03,9.90,162,140,0.72%,,11.46,12.01,1:52:28,1:46:07,3:57:15,Heggedal,Easy but legs complained,28.9,,2:54:38,6.05,1.304
533,2-Sep-2013,Monday,,,,,,,,,,,,,,,,,,,,1.305
534,3-Sep-2013,Tuesday,9.5,1:00:00,0:00:00,#DIV/0!,,85,0.89%,,,,,,,Semsvann,Easy,,,,,1.305
535,4-Sep-2013,Wednesday,,,,,,,,,,,,,,,,,,,,1.306
536,5-Sep-2013,Thursday,,,,,,,,,,,,,,,,,,,,1.307
537,6-Sep-2013,Friday,,,,,,,,,,,,,,,,,,,,1.307
538,7-Sep-2013,Saturday,,,,,,,,,,,,,,,,,,,,1.308
539,8-Sep-2013,Sunday,,,,,,,,,,,,,,,,9.5,,0,0.00,1.309
540,9-Sep-2013,Monday,19.5,1:59:04,0:06:06,9.83,156,140,0.72%,,12.28,12.82,1:44:52,1:39:19,3:41:17,Heggedal,Easy,,,,,1.309
541,10-Sep-2013,Tuesday,,,,,,,,,,,,,,,,,,,,1.310
542,11-Sep-2013,Wednesday,,,,,,,,,,,,,,,,,,,,1.311
543,12-Sep-2013,Thursday,9.5,0:56:00,0:05:53,10.18,,85,0.89%,,,,,,,Semsvann,Easy,,,,,1.311
544,13-Sep-2013,Friday,,,,,,,,,,,,,,,,,,,,1.312
545,14-Sep-2013,Saturday,,,,,,,,,,,,,,,,,,,,1.312
546,15-Sep-2013,Sunday,,,,,,,,,,,,,,,,29,,2:55:04,6.03,1.313
547,16-Sep-2013,Monday,,,,,,,,,,,,,,,,,,,,1.314
548,17-Sep-2013,Tuesday,,,,,,,,,,,,,,,,,,,,1.314
549,18-Sep-2013,Wednesday,,,,,,,,,,,,,,,,,,,,1.315
550,19-Sep-2013,Thursday,,,,,,,,,,,,,,,,,,,,1.316
551,20-Sep-2013,Friday,,,,,,,,,,,,,,,,,,,,1.316
552,21-Sep-2013,Saturday,21.1,1:59:16,0:05:39,10.61,179,125,0.59%,,10.19,10.63,2:08:08,1:59:56,4:30:05,Oslo HM,Cramp from 12km to finish. Hurt.,,,,,1.317
553,22-Sep-2013,Sunday,,,,,,,,,,,,,,,,21.1,,1:59:16,5.65,1.318
554,23-Sep-2013,Monday,,,,,,,,,,,,,,,,,,,,1.318
555,24-Sep-2013,Tuesday,,,,,,,,,,,,,,,,,,,,1.319
556,25-Sep-2013,Wednesday,,,,,,,,,,,,,,,,,,,,1.320
557,26-Sep-2013,Thursday,,,,,,,,,,,,,,,,,,,,1.320
558,27-Sep-2013,Friday,,,,,,,,,,,,,,,,,,,,1.321
559,28-Sep-2013,Saturday,,,,,,,,,,,,,,,,,,,,1.322
560,29-Sep-2013,Sunday,,,,,,,,,,,,,,,,0,,0,#DIV/0!,1.322
561,30-Sep-2013,Monday,,,,,,,,,,,,,,,,,79.0000000000002,,,1.323
562,1-Oct-2013,Tuesday,,,,,,,,,,,,,,,,,,,,1.324
563,2-Oct-2013,Wednesday,,,,,,,,,,,,,,,,,,,,1.324
564,3-Oct-2013,Thursday,,,,,,,,,,,,,,,,,,,,1.325
565,4-Oct-2013,Friday,,,,,,,,,,,,,,,,,,,,1.326
566,5-Oct-2013,Saturday,9.5,1:00:00,0:00:00,#DIV/0!,,,,,,,,,,Semsvann,Hard,,,,,1.326
567,6-Oct-2013,Sunday,,,,,,,,,,,,,,,,9.5,,0,0.00,1.327
568,7-Oct-2013,Monday,,,,,,,,,,,,,,,,,,,,1.328
569,8-Oct-2013,Tuesday,,,,,,,,,,,,,,,,,,,,1.328
570,9-Oct-2013,Wednesday,,,,,,,,,,,,,,,,,,,,1.329
571,10-Oct-2013,Thursday,,,,,,,,,,,,,,,,,,,,1.330
572,11-Oct-2013,Friday,,,,,,,,,,,,,,,,,,,,1.330
573,12-Oct-2013,Saturday,,,,,,,,,,,,,,,,,,,,1.331
574,13-Oct-2013,Sunday,10,1:00:00,0:06:00,10.00,,,,,,,,,,Hvalstad,Moderate,10,,1:00:00,6.00,1.332
575,14-Oct-2013,Monday,,,,,,,,,,,,,,,,,,,,1.332
576,15-Oct-2013,Tuesday,,,,,,,,,,,,,,,,,,,,1.333
577,16-Oct-2013,Wednesday,,,,,,,,,,,,,,,,,,,,1.334
578,17-Oct-2013,Thursday,,,,,,,,,,,,,,,,,,,,1.334
579,18-Oct-2013,Friday,,,,,,,,,,,,,,,,,,,,1.335
580,19-Oct-2013,Saturday,9.5,0:57:00,0:06:00,10.00,,,,,,,,,,Semsvann,Moderate,,,,,1.336
581,20-Oct-2013,Sunday,,,,,,,,,,,,,,,,9.5,,0:57:00,6.00,1.336
582,21-Oct-2013,Monday,,,,,,,,,,,,,,,,,,,,1.337
583,22-Oct-2013,Tuesday,,,,,,,,,,,,,,,,,,,,1.338
584,23-Oct-2013,Wednesday,,,,,,,,,,,,,,,,,,,,1.338
585,24-Oct-2013,Thursday,,,,,,,,,,,,,,,,,,,,1.339
586,25-Oct-2013,Friday,,,,,,,,,,,,,,,,,,,,1.340
587,26-Oct-2013,Saturday,,,,,,,,,,,,,,,,,,,,1.340
588,27-Oct-2013,Sunday,,,,,,,,,,,,,,,,0,,0,#DIV/0!,1.341
589,28-Oct-2013,Monday,,,,,,,,,,,,,,,,,,,,1.342
590,29-Oct-2013,Tuesday,,,,,,,,,,,,,,,,,,,,1.342
591,30-Oct-2013,Wednesday,,,,,,,,,,,,,,,,,,,,1.343
592,31-Oct-2013,Thursday,,,,,,,,,,,,,,,,,29,,,1.344
593,1-Nov-2013,Friday,,,,,,,,,,,,,,,,,,,,1.344
594,2-Nov-2013,Saturday,,,,,,,,,,,,,,,,,,,,1.345
595,3-Nov-2013,Sunday,,,,,,,,,,,,,,,,0,,0,#DIV/0!,1.346
596,4-Nov-2013,Monday,,,,,,,,,,,,,,,,,,,,1.346
597,5-Nov-2013,Tuesday,,,,,,,,,,,,,,,,,,,,1.347
598,6-Nov-2013,Wednesday,,,,,,,,,,,,,,,,,,,,1.348
599,7-Nov-2013,Thursday,,,,,,,,,,,,,,,,,,,,1.348
600,8-Nov-2013,Friday,,,,,,,,,,,,,,,,,,,,1.349
601,9-Nov-2013,Saturday,,,,,,,,,,,,,,,,,,,,1.350
602,10-Nov-2013,Sunday,,,,,,,,,,,,,,,,0,,0,#DIV/0!,1.350
603,11-Nov-2013,Monday,,,,,,,,,,,,,,,,,,,,1.351
604,12-Nov-2013,Tuesday,,,,,,,,,,,,,,,,,,,,1.352
605,13-Nov-2013,Wednesday,,,,,,,,,,,,,,,,,,,,1.352
606,14-Nov-2013,Thursday,,,,,,,,,,,,,,,,,,,,1.353
607,15-Nov-2013,Friday,,,,,,,,,,,,,,,,,,,,1.354
608,16-Nov-2013,Saturday,,,,,,,,,,,,,,,,,,,,1.354
609,17-Nov-2013,Sunday,,,,,,,,,,,,,,,,0,,0,#DIV/0!,1.355
610,18-Nov-2013,Monday,,,,,,,,,,,,,,,,,,,,1.356
611,19-Nov-2013,Tuesday,,,,,,,,,,,,,,,,,,,,1.357
612,20-Nov-2013,Wednesday,,,,,,,,,,,,,,,,,,,,1.357
613,21-Nov-2013,Thursday,,,,,,,,,,,,,,,,,,,,1.358
614,22-Nov-2013,Friday,,,,,,,,,,,,,,,,,,,,1.359
615,23-Nov-2013,Saturday,,,,,,,,,,,,,,,,,,,,1.359
616,24-Nov-2013,Sunday,,,,,,,,,,,,,,,,0,,0,#DIV/0!,1.360
617,25-Nov-2013,Monday,,,,,,,,,,,,,,,,,,,,1.361
618,26-Nov-2013,Tuesday,,,,,,,,,,,,,,,,,,,,1.361
619,27-Nov-2013,Wednesday,,,,,,,,,,,,,,,,,,,,1.362
620,28-Nov-2013,Thursday,,,,,,,,,,,,,,,,,,,,1.363
621,29-Nov-2013,Friday,,,,,,,,,,,,,,,,,,,,1.363
622,30-Nov-2013,Saturday,,,,,,,,,,,,,,,,,0,,,1.364
623,1-Dec-2013,Sunday,,,,,,,,,,,,,,,,0,,0,#DIV/0!,1.365
624,2-Dec-2013,Monday,,,,,,,,,,,,,,,,,,,,1.365
625,3-Dec-2013,Tuesday,,,,,,,,,,,,,,,,,,,,1.366
626,4-Dec-2013,Wednesday,,,,,,,,,,,,,,,,,,,,1.367
627,5-Dec-2013,Thursday,,,,,,,,,,,,,,,,,,,,1.367
628,6-Dec-2013,Friday,,,,,,,,,,,,,,,,,,,,1.368
629,7-Dec-2013,Saturday,,,,,,,,,,,,,,,,,,,,1.369
630,8-Dec-2013,Sunday,,,,,,,,,,,,,,,,0,,0,#DIV/0!,1.369
631,9-Dec-2013,Monday,,,,,,,,,,,,,,,,,,,,1.370
632,10-Dec-2013,Tuesday,,,,,,,,,,,,,,,,,,,,1.371
633,11-Dec-2013,Wednesday,,,,,,,,,,,,,,,,,,,,1.372
634,12-Dec-2013,Thursday,,,,,,,,,,,,,,,,,,,,1.372
635,13-Dec-2013,Friday,,,,,,,,,,,,,,,,,,,,1.373
636,14-Dec-2013,Saturday,,,,,,,,,,,,,,,,,,,,1.374
637,15-Dec-2013,Sunday,,,,,,,,,,,,,,,,0,,0,#DIV/0!,1.374
638,16-Dec-2013,Monday,,,,,,,,,,,,,,,,,,,,1.375
639,17-Dec-2013,Tuesday,,,,,,,,,,,,,,,,,,,,1.376
640,18-Dec-2013,Wednesday,,,,,,,,,,,,,,,,,,,,1.376
641,19-Dec-2013,Thursday,,,,,,,,,,,,,,,,,,,,1.377
642,20-Dec-2013,Friday,,,,,,,,,,,,,,,,,,,,1.378
643,21-Dec-2013,Saturday,,,,,,,,,,,,,,,,,,,,1.378
644,22-Dec-2013,Sunday,10,1:10:00,0:07:00,8.57,,,,,,,,,,Hvalstad,Moderate,10,,1:10:00,7.00,1.379
645,23-Dec-2013,Monday,,,,,,,,,,,,,,,,,,,,1.380
646,24-Dec-2013,Tuesday,,,,,,,,,,,,,,,,,,,,1.380
647,25-Dec-2013,Wednesday,,,,,,,,,,,,,,,,,,,,1.381
648,26-Dec-2013,Thursday,,,,,,,,,,,,,,,,,,,,1.382
649,27-Dec-2013,Friday,,,,,,,,,,,,,,,,,,,,1.383
650,28-Dec-2013,Saturday,10,1:07:00,0:06:42,8.96,,,,,,,,,,Hvalstad,Moderate,,,,,1.383
651,29-Dec-2013,Sunday,,,,,,,,,,,,,,,,10,,1:07:00,6.70,1.384
652,30-Dec-2013,Monday,,,,,,,,,,,,,,,,,,,,1.385
653,31-Dec-2013,Tuesday,,,,,,,,,,,,,,,,,,,,1.385
654,1-Jan-2014,Wednesday,,,,,,,,,,,,,,,,,,,,1.386
655,2-Jan-2014,Thursday,,,,,,,,,,,,,,,,,,,,1.387
656,3-Jan-2014,Friday,,,,,,,,,,,,,,,,,,,,1.387
657,4-Jan-2014,Saturday,,,,,,,,,,,,,,,,,,,,1.388
658,5-Jan-2014,Sunday,,,,,,,,,,,,,,,,0,,0,#DIV/0!,1.389
659,6-Jan-2014,Monday,,,,,,,,,,,,,,,,,,,,1.389
660,7-Jan-2014,Tuesday,,,,,,,,,,,,,,,,,,,,1.390
661,8-Jan-2014,Wednesday,,,,,,,,,,,,,,,,,,,,1.391
662,9-Jan-2014,Thursday,,,,,,,,,,,,,,,,,,,,1.392
663,10-Jan-2014,Friday,,,,,,,,,,,,,,,,,,,,1.392
664,11-Jan-2014,Saturday,,,,,,,,,,,,,,,,,,,,1.393
665,12-Jan-2014,Sunday,,,,,,,,,,,,,,,,0,,0,#DIV/0!,1.394
666,13-Jan-2014,Monday,,,,,,,,,,,,,,,,,,,,1.394
667,14-Jan-2014,Tuesday,,,,,,,,,,,,,,,,,,,,1.395
668,15-Jan-2014,Wednesday,,,,,,,,,,,,,,,,,,,,1.396
669,16-Jan-2014,Thursday,,,,,,,,,,,,,,,,,,,,1.396
670,17-Jan-2014,Friday,,,,,,,,,,,,,,,,,,,,1.397
671,18-Jan-2014,Saturday,,,,,,,,,,,,,,,,,,,,1.398
672,19-Jan-2014,Sunday,,,,,,,,,,,,,,,,0,,0,#DIV/0!,1.399
673,20-Jan-2014,Monday,,,,,,,,,,,,,,,,,,,,1.399
674,21-Jan-2014,Tuesday,,,,,,,,,,,,,,,,,,,,1.400
675,22-Jan-2014,Wednesday,,,,,,,,,,,,,,,,,,,,1.401
676,23-Jan-2014,Thursday,,,,,,,,,,,,,,,,,,,,1.401
677,24-Jan-2014,Friday,,,,,,,,,,,,,,,,,,,,1.402
678,25-Jan-2014,Saturday,,,,,,,,,,,,,,,,,,,,1.403
679,26-Jan-2014,Sunday,,,,,,,,,,,,,,,,0,,0,#DIV/0!,1.403
680,27-Jan-2014,Monday,,,,,,,,,,,,,,,,,,,,1.404
681,28-Jan-2014,Tuesday,,,,,,,,,,,,,,,,,,,,1.405
682,29-Jan-2014,Wednesday,,,,,,,,,,,,,,,,,,,,1.406
683,30-Jan-2014,Thursday,,,,,,,,,,,,,,,,,,,,1.406
684,31-Jan-2014,Friday,,,,,,,,,,,,,,,,,,,,1.407
685,1-Feb-2014,Saturday,,,,,,,,,,,,,,,,,,,,1.408
686,2-Feb-2014,Sunday,,,,,,,,,,,,,,,,0,,0,#DIV/0!,1.408
687,3-Feb-2014,Monday,,,,,,,,,,,,,,,,,,,,1.409
688,4-Feb-2014,Tuesday,,,,,,,,,,,,,,,,,,,,1.410
689,5-Feb-2014,Wednesday,,,,,,,,,,,,,,,,,,,,1.410
690,6-Feb-2014,Thursday,,,,,,,,,,,,,,,,,,,,1.411
691,7-Feb-2014,Friday,,,,,,,,,,,,,,,,,,,,1.412
692,8-Feb-2014,Saturday,,,,,,,,,,,,,,,,,,,,1.413
693,9-Feb-2014,Sunday,,,,,,,,,,,,,,,,0,,0,#DIV/0!,1.413
694,10-Feb-2014,Monday,,,,,,,,,,,,,,,,,,,,1.414
695,11-Feb-2014,Tuesday,,,,,,,,,,,,,,,,,,,,1.415
696,12-Feb-2014,Wednesday,,,,,,,,,,,,,,,,,,,,1.415
697,13-Feb-2014,Thursday,,,,,,,,,,,,,,,,,,,,1.416
698,14-Feb-2014,Friday,,,,,,,,,,,,,,,,,,,,1.417
699,15-Feb-2014,Saturday,,,,,,,,,,,,,,,,,,,,1.418
700,16-Feb-2014,Sunday,,,,,,,,,,,,,,,,0,,0,#DIV/0!,1.418
701,17-Feb-2014,Monday,,,,,,,,,,,,,,,,,,,,1.419
702,18-Feb-2014,Tuesday,,,,,,,,,,,,,,,,,,,,1.420
703,19-Feb-2014,Wednesday,,,,,,,,,,,,,,,,,,,,1.420
704,20-Feb-2014,Thursday,,,,,,,,,,,,,,,,,,,,1.421
705,21-Feb-2014,Friday,,,,,,,,,,,,,,,,,,,,1.422
706,22-Feb-2014,Saturday,,,,,,,,,,,,,,,,,,,,1.422
707,23-Feb-2014,Sunday,10,1:11:00,0:07:06,8.45,,,,,,,,,,Hvalstad,Legs hurt,10,,1:11:00,7.10,1.423
708,24-Feb-2014,Monday,,,,,,,,,,,,,,,,,,,,1.424
709,25-Feb-2014,Tuesday,,,,,,,,,,,,,,,,,,,,1.425
710,26-Feb-2014,Wednesday,,,,,,,,,,,,,,,,,,,,1.425
711,27-Feb-2014,Thursday,,,,,,,,,,,,,,,,,,,,1.426
712,28-Feb-2014,Friday,,,,,,,,,,,,,,,,,,,,1.427
713,1-Mar-2014,Saturday,,,,,,,,,,,,,,,,,,,,1.427
714,2-Mar-2014,Sunday,,,,,,,,,,,,,,,,0,,0,#DIV/0!,1.428
715,3-Mar-2014,Monday,,,,,,,,,,,,,,,,,,,,1.429
716,4-Mar-2014,Tuesday,,,,,,,,,,,,,,,,,,,,1.430
717,5-Mar-2014,Wednesday,,,,,,,,,,,,,,,,,,,,1.430
718,6-Mar-2014,Thursday,,,,,,,,,,,,,,,,,,,,1.431
719,7-Mar-2014,Friday,,,,,,,,,,,,,,,,,,,,1.432
720,8-Mar-2014,Saturday,,,,,,,,,,,,,,,,,,,,1.432
721,9-Mar-2014,Sunday,,,,,,,,,,,,,,,,0,,0,#DIV/0!,1.433
722,10-Mar-2014,Monday,,,,,,,,,,,,,,,,,,,,1.434
723,11-Mar-2014,Tuesday,10,1:07:00,0:06:42,8.96,,,,,,,,,,Semsvann,"Nice weather, icy in places",,,,,1.435
724,12-Mar-2014,Wednesday,,,,,,,,,,,,,,,,,,,,1.435
725,13-Mar-2014,Thursday,7.5,0:46:00,0:06:08,9.78,,,,,,,,,,Semsvann,"Nice weather, no ice",,,,,1.436
726,14-Mar-2014,Friday,,,,,,,,,,,,,,,,,,,,1.437
727,15-Mar-2014,Saturday,14.6,1:33:00,0:06:22,9.42,,,,,,,,,,Heggedal,Easy,,,,,1.438
728,16-Mar-2014,Sunday,,,,,,,,,,,,,,,,32.1,,3:26:00,6.42,1.438
729,17-Mar-2014,Monday,,,,,,,,,,,,,,,,,,,,1.439
730,18-Mar-2014,Tuesday,10,1:04:30,0:06:27,9.30,171,85,0.85%,,9.71,10.35,2:11:53,2:03:13,4:37:57,Semsvann,"Muddy, slightly icy in places",,,,,1.440
731,19-Mar-2014,Wednesday,,,,,,,,,,,,,,,,,,,,1.440
732,20-Mar-2014,Thursday,10,1:02:10,0:06:13,9.65,173,85,0.85%,,9.86,10.50,2:09:53,2:01:28,4:33:46,Semsvann,"Muddy, slightly icy in places",,,,,1.441
733,21-Mar-2014,Friday,,,,,,,,,,,,,,,,,,,,1.442
734,22-Mar-2014,Saturday,,,,,,,,,,,,,,,,,,,,1.443
735,23-Mar-2014,Sunday,17,1:44:32,0:06:08,9.76,164,130,0.76%,,11.04,11.61,1:56:35,1:49:45,4:05:52,Heggedal,,37,,3:51:12,6.25,1.443
736,24-Mar-2014,Monday,,,,,,,,,,,,,,,,,,,,1.444
737,25-Mar-2014,Tuesday,10,1:00:30,0:06:03,9.92,170,85,0.85%,,10.47,11.11,2:02:15,1:54:46,4:17:45,Semsvann,Slightly muddy,,,,,1.445
738,26-Mar-2014,Wednesday,,,,,,,,,,,,,,,,,,,,1.445
739,27-Mar-2014,Thursday,10,1:02:42,0:06:16,9.57,166,85,0.85%,,10.57,11.21,2:01:03,1:53:42,4:15:14,Semsvann,,,,,,1.446
740,28-Mar-2014,Friday,,,,,,,,,,,,,,,,,,,,1.447
741,29-Mar-2014,Saturday,7,0:39:06,0:05:35,10.74,171,40,0.57%,,11.21,11.64,1:56:13,1:49:26,4:05:07,Semsvann,"2 @ 5:32 173bpm, 0.8, 1.4 @ 174, 0.8, 2 @ 5:13 171",,,,,1.448
742,30-Mar-2014,Sunday,15.2,1:34:28,0:06:12,9.65,157,130,0.86%,,11.91,12.55,1:47:15,1:41:27,3:46:18,Heggedal,,42.2,,4:16:46,6.08,1.448
743,31-Mar-2014,Monday,,,,,,,,,,,,,,,,,,,,1.449
744,1-Apr-2014,Tuesday,10,1:05:58,0:06:35,9.10,,85,0.85%,,,,,,,Semsvann,HRM acting up,,,,,1.450
745,2-Apr-2014,Wednesday,,,,,,,,,,,,,,,,,,,,1.450
746,3-Apr-2014,Thursday,7,0:42:34,0:06:04,9.87,163,40,0.57%,,11.29,11.72,1:55:23,1:48:41,4:03:21,Semsvann,Few strides,,,,,1.451
747,4-Apr-2014,Friday,,,,,,,,,,,,,,,,,,,,1.452
748,5-Apr-2014,Saturday,10,0:51:57,0:05:11,11.55,175,30,0.30%,,11.55,11.77,1:54:50,1:48:12,4:02:11,Holmestrand 10km,26:59 @ 172bpm; 24:58 @ 179bpm. Sprint finish.,,,,,1.453
749,6-Apr-2014,Sunday,,,,,,,,,,,,,,,,27,,2:40:29,5.95,1.453
750,7-Apr-2014,Monday,9.75,0:59:51,0:06:08,9.77,160,85,0.87%,,11.61,12.26,1:49:58,1:43:53,3:52:00,Semsvann,Easy,,,,,1.454
751,8-Apr-2014,Tuesday,,,,,,,,,,,,,,,,,,,,1.455
752,9-Apr-2014,Wednesday,,,,,,,,,,,,,,,,,,,,1.456
753,10-Apr-2014,Thursday,,,,,,,,,,,,,,,,,,,,1.456
754,11-Apr-2014,Friday,,,,,,,,,,,,,,,,,,,,1.457
755,12-Apr-2014,Saturday,,,,,,,,,,,,,,,,,,,,1.458
756,13-Apr-2014,Sunday,,,,,,,,,,,,,,,,9.75,,0:59:51,6.13,1.458
757,14-Apr-2014,Monday,,,,,,,,,,,,,,,,,,,,1.459
758,15-Apr-2014,Tuesday,9.5,0:54:20,0:05:43,10.49,169,85,0.89%,,11.20,11.87,1:53:51,1:47:20,4:00:09,Semsvann,Moderate,,,,,1.460
759,16-Apr-2014,Wednesday,,,,,,,,,,,,,,,,,,,,1.461
760,17-Apr-2014,Thursday,,,,,,,,,,,,,,,,,,,,1.461
761,18-Apr-2014,Friday,9.97,0:57:48,0:05:47,10.35,171,80,0.80%,,10.80,11.41,1:58:48,1:51:43,4:10:31,Kjerkebukta,Moderately easy. HR surprisingly high - coffee? Wine? Heat? ,,,,,1.462
762,19-Apr-2014,Saturday,15.2,1:32:13,0:06:04,9.89,160,120,0.79%,,11.74,12.34,1:49:16,1:43:15,3:50:31,Kjerkebukta,"Easy. Same coffee, wine, heat, but HR normal. Weird.",,,,,1.463
763,20-Apr-2014,Sunday,7.2,0:41:00,0:05:41,10.54,,40,0.56%,,,,,,,Kjerkebukta,Farrell. HR monitor seems dead,41.87,,4:05:21,5.87,1.464
764,21-Apr-2014,Monday,,,,,,,,,,,,,,,,,,,,1.464
765,22-Apr-2014,Tuesday,,,,,,,,,,,,,,,,,,,,1.465
766,23-Apr-2014,Wednesday,,,,,,,,,,,,,,,,,,,,1.466
767,24-Apr-2014,Thursday,7,0:40:00,0:05:42,10.50,,40,0.57%,,,,,,,Semsvann,,,,,,1.467
768,25-Apr-2014,Friday,,,,,,,,,,,,,,,,,,,,1.467
769,26-Apr-2014,Saturday,10,0:51:34,0:05:09,11.64,,60,0.60%,,,,,,,Sentrumsløpet,"Fairly even pace, picked it up a bit in the last 500m",,,,,1.468
770,27-Apr-2014,Sunday,,,,,,,,,,,,,,,,17,,1:31:34,5.38,1.469
771,28-Apr-2014,Monday,,,,,,,,,,,,,,,,,,,,1.469
772,29-Apr-2014,Tuesday,,,,,,,,,,,,,,,,,,,,1.470
773,30-Apr-2014,Wednesday,,,,,,,,,,,,,,,,,,,,1.471
774,1-May-2014,Thursday,9.5,0:53:50,0:05:40,10.59,,85,0.89%,,,,,,,Semsvann,Hard up the hills,,,,,1.472
775,2-May-2014,Friday,,,,,,,,,,,,,,,,,,,,1.472
776,3-May-2014,Saturday,,,,,,,,,,,,,,,,,,,,1.473
777,4-May-2014,Sunday,14.6,1:21:00,0:05:32,10.81,,130,0.89%,,,,,,,Heggedal,Good pace up the hills,24.1,,2:14:50,5.60,1.474
778,5-May-2014,Monday,,,,,,,,,,,,,,,,,,,,1.475
779,6-May-2014,Tuesday,,,,,,,,,,,,,,,,,,,,1.475
780,7-May-2014,Wednesday,,,,,,,,,,,,,,,,,,,,1.476
781,8-May-2014,Thursday,,,,,,,,,,,,,,,,,,,,1.477
782,9-May-2014,Friday,,,,,,,,,,,,,,,,,,,,1.478
783,10-May-2014,Saturday,1.7,0:10:00,0:05:52,10.20,,100,5.88%,,,,,,,Holmenkollstafetten: Slemmdal-Besserud,Steep!,,,,,1.478
784,11-May-2014,Sunday,,,,,,,,,,,,,,,,1.7,,0:10:00,5.88,1.479
785,12-May-2014,Monday,,,,,,,,,,,,,,,,,,,,1.480
786,13-May-2014,Tuesday,,,,,,,,,,,,,,,,,,,,1.481
787,14-May-2014,Wednesday,,,,,,,,,,,,,,,,,,,,1.481
788,15-May-2014,Thursday,,,,,,,,,,,,,,,,,,,,1.482
789,16-May-2014,Friday,,,,,,,,,,,,,,,,,,,,1.483
790,17-May-2014,Saturday,,,,,,,,,,,,,,,,,,,,1.483
791,18-May-2014,Sunday,,,,,,,,,,,,,,,,0,,0,#DIV/0!,1.484
792,19-May-2014,Monday,,,,,,,,,,,,,,,,,,,,1.485
793,20-May-2014,Tuesday,,,,,,,,,,,,,,,,,,,,1.486
794,21-May-2014,Wednesday,,,,,,,,,,,,,,,,,,,,1.486
795,22-May-2014,Thursday,,,,,,,,,,,,,,,,,,,,1.487
796,23-May-2014,Friday,,,,,,,,,,,,,,,,,,,,1.488
797,24-May-2014,Saturday,,,,,,,,,,,,,,,,,,,,1.489
798,25-May-2014,Sunday,,,,,,,,,,,,,,,,0,,0,#DIV/0!,1.489
799,26-May-2014,Monday,,,,,,,,,,,,,,,,,,,,1.490
800,27-May-2014,Tuesday,,,,,,,,,,,,,,,,,,,,1.491
801,28-May-2014,Wednesday,,,,,,,,,,,,,,,,,,,,1.492
802,29-May-2014,Thursday,,,,,,,,,,,,,,,,,,,,1.492
803,30-May-2014,Friday,,,,,,,,,,,,,,,,,,,,1.493
804,31-May-2014,Saturday,,,,,,,,,,,,,,,,,,,,1.494
805,1-Jun-2014,Sunday,,,,,,,,,,,,,,,,0,,0,#DIV/0!,1.495
806,2-Jun-2014,Monday,,,,,,,,,,,,,,,,,,,,1.495
807,3-Jun-2014,Tuesday,12.5,1:37:19,0:07:47,7.71,169,401,3.21%,,8.23,10.63,2:08:06,1:59:54,4:30:01,La cascate,Nasty mountain,,,,,1.496
808,4-Jun-2014,Wednesday,4.5,0:27:40,0:06:08,9.76,160,62,1.38%,,11.59,12.62,1:46:38,1:40:53,3:44:59,Round Monticelli Brusati / Villa Franciacorta,Not convinced by elevation recorded on Garmin,,,,,1.497
809,5-Jun-2014,Thursday,,,,,,,,,,,,,,,,,,,,1.498
810,6-Jun-2014,Friday,11,1:08:47,0:06:15,9.60,162,168,1.53%,,11.12,12.26,1:49:58,1:43:52,3:51:59,Monticelli Brusati / villages to East,,,,,,1.498
811,7-Jun-2014,Saturday,4.5,0:24:58,0:05:32,10.81,173,60,1.33%,,11.05,12.05,1:52:03,1:45:44,3:56:23,MB,,,,,,1.499
812,8-Jun-2014,Sunday,,,,,,,,,,,,,,,,32.5,,3:38:44,6.73,1.500
813,9-Jun-2014,Monday,,,,,,,,,,,,,,,,,,,,1.501
814,10-Jun-2014,Tuesday,,,,,,,,,,,,,,,,,,,,1.501
815,11-Jun-2014,Wednesday,,,,,,,,,,,,,,,,,,,,1.502
816,12-Jun-2014,Thursday,,,,,,,,,,,,,,,,,,,,1.503
817,13-Jun-2014,Friday,,,,,,,,,,,,,,,,,,,,1.504
818,14-Jun-2014,Saturday,11.2,1:07:04,0:05:59,10.02,164,137,1.22%,,11.33,12.25,1:50:05,1:43:59,3:52:14,MB & villages to West,,,,,,1.504
819,15-Jun-2014,Sunday,5,0:27:55,0:05:35,10.75,166,80,1.60%,,11.87,13.07,1:42:45,1:37:24,3:36:50,MB,,16.2,,1:34:59,5.87,1.505
820,16-Jun-2014,Monday,,,,,,,,,,,,,,,,,,,,1.506
821,17-Jun-2014,Tuesday,,,,,,,,,,,,,,,,,,,,1.507
822,18-Jun-2014,Wednesday,,,,,,,,,,,,,,,,,,,,1.507
823,19-Jun-2014,Thursday,,,,,,,,,,,,,,,,,,,,1.508
824,20-Jun-2014,Friday,,,,,,,,,,,,,,,,,,,,1.509
825,21-Jun-2014,Saturday,,,,,,,,,,,,,,,,,,,,1.510
826,22-Jun-2014,Sunday,,,,,,,,,,,,,,,,0,,0,#DIV/0!,1.510
827,23-Jun-2014,Monday,,,,,,,,,,,,,,,,,,,,1.511
828,24-Jun-2014,Tuesday,8.8,1:00:00,0:06:49,8.80,,105,1.19%,,,,,,,Bleiker,Approximate,,,,,1.512
829,25-Jun-2014,Wednesday,,,,,,,,,,,,,,,,,,,,1.513
830,26-Jun-2014,Thursday,,,,,,,,,,,,,,,,,,,,1.513
831,27-Jun-2014,Friday,9.5,0:55:00,0:05:47,10.36,,85,0.89%,,,,,,,Semsvann,Approximate,,,,,1.514
832,28-Jun-2014,Saturday,,,,,,,,,,,,,,,,,,,,1.515
833,29-Jun-2014,Sunday,,,,,,,,,,,,,,,,18.3,,1:55:00,6.28,1.516
834,30-Jun-2014,Monday,,,,,,,,,,,,,,,,,,,,1.516
835,1-Jul-2014,Tuesday,,,,,,,,,,,,,,,,,,,,1.517